"country","mim15-20kc","mim20-25kc","mim25-30kc","mim30-35kc","mim35-40kc","mim40-45kc","mim45-50kc","mom15-20kc","mom20-25kc","mom25-30kc","mom30-35kc","mom35-40kc","mom40-45kc","mom45-50kc","mum15-20kc","mum20-25kc","mum25-30kc","mum30-35kc","mum35-40kc","mum40-45kc","mum45-50kc"
"Afghanistan",11.0153965487946,55.6028362644159,140.490332738386,233.512635217345,320.969862774765,388.008982747959,433.06781543701,11.547830049794,66.1699274941161,181.986546581717,315.283760146316,441.966457534118,537.715047410168,599.212472297196,11.547830049794,65.8727120806084,175.869004866974,297.158101988821,408.563920173909,490.152287086881,541.559588818389
"Albania",0.424328885389724,2.70148091661187,8.60552545174483,17.7555609695373,30.6066167987743,46.9889194059305,65.2429099841363,0.448833746195129,3.34025398737435,11.3093732052649,23.1404019179851,40.223493929421,63.607702827274,91.891705227275,0.448833746195129,3.32894951969605,10.9442775254556,21.7117281167902,36.4485936439994,55.314513739483,76.8143398816139
"Algeria",0.820371435408144,6.58882280517324,20.688938881756,39.7160793279485,61.0209801145514,86.5363129493203,118.076727106737,0.832739583260455,7.05003703418992,23.1923750994147,46.3776577827749,74.8708478870472,112.722475853132,163.769524324283,0.832739583260455,7.04284868925906,22.8295048450959,44.7104285100814,70.1360724557365,101.732088147955,141.779827179629
"Angola",11.4296197730943,95.3136065544954,211.899273754789,329.888734633543,425.286587741016,487.510930388394,514.649194933584,11.4296197730943,114.388687470872,274.613091041157,441.67197776299,574.58196324789,655.888447534685,687.600009582681,11.4296197730943,113.810024126095,265.420219259834,418.819517448842,538.25087551352,609.491095517922,635.066411657355
"Antigua and Barbuda",0.58427819747143,2.71643376638858,7.18191603186481,13.2937072424279,20.4365266628448,28.9760382909978,39.8374122388167,0.615378534056205,3.23625248065175,9.10994882476213,17.4235996896845,27.7277162999923,40.8890220182519,58.0835577882483,0.615378534056205,3.21889139978713,8.73684227921271,16.0432888722054,24.105321406929,33.2002280506396,44.3051542263455
"Argentina",1.4841081618793,5.77436335430807,13.1548972166542,22.2979906062419,33.184635951506,44.6042476002052,56.3998063576746,1.5196179406897,6.3320297992831,15.2346692588213,27.0202875680698,42.6092854079534,61.8142739418974,84.9010768733868,1.5196179406897,6.31240978536307,14.8223536812498,25.4502490784127,38.1649209973138,51.5956805579678,65.545872201722
"Armenia",0.721864030753418,5.02944138110407,16.293705610078,31.3628639696775,47.3527883544999,67.2427885861335,86.1117621185223,0.743052103421569,5.61581427200328,19.0859593876712,37.1419794447745,57.1151479089254,84.7330060019585,114.054015566729,0.743052103421569,5.60483093181458,18.6939157049276,35.5983699712017,53.2329397807964,76.5088742938773,100.063025451552
"Aruba",0.880224917032649,4.68756918553823,12.6830136205818,22.1750102553209,29.8172195318964,34.141225040844,37.563870905519,0.89893213790696,5.09683610342882,14.5577381804284,26.6761719567842,37.8966225834037,46.6255114754321,56.0146971376975,0.89893213790696,5.08412509600193,14.1947527505075,25.2381514385389,34.3635527438845,39.7326787889813,43.9910566941451
"Australia",0.10051962919622,0.597749936582072,2.00417403258634,4.34296558503271,7.2928674925483,9.95411454529753,12.3946979682153,0.102747231293197,0.654337844037876,2.32212823985614,5.27304537966828,9.45653524650193,14.3009576857304,20.374156556796,0.102747231293197,0.652634873056074,2.25973185357782,4.98696511620418,8.52687417161819,11.8583711807888,14.9475957810038
"Austria",0.0721019645342656,0.471387457952336,1.59299734551934,3.45423099781865,5.58584715248537,7.7063979123705,10.032134617114,0.0735653709290898,0.514279791333305,1.84735654361625,4.23827076390619,7.41907963147004,11.5746859838,17.3224233753594,0.0735653709290898,0.513222730063569,1.80187578361451,3.99592774409875,6.57759130929654,9.20357870382567,12.0148539520715
"Azerbaijan",3.17692774685341,16.7822616537149,40.6017430465671,64.670609869628,92.5903407847186,127.770107648661,168.458480495902,3.24837696018268,18.0857922412382,45.9830434017826,76.6468453250236,114.6783636169,163.367429644935,221.277744027397,3.24837696018268,18.0529575079492,45.1569488549852,73.7919197372369,108.393186845831,151.719300494073,202.330032618412
"Bahamas",0.499010952937748,2.76602647567623,7.46495722576441,12.8673042648226,19.8057302260703,28.4268910575165,37.3478746369965,0.511143077813178,3.05337342161196,8.94530653514929,16.7370478760375,28.783645822447,47.0378664651031,70.5394902890788,0.511143077813178,3.04177129481017,8.55623156239818,15.032315769663,23.366313628604,33.6569191100211,44.399350108526
"Bahrain",0.262788289974913,1.93462435967414,5.73619537062233,10.9850076849291,17.7467209193411,25.9501699220909,37.0947224312947,0.270279858914163,2.17948317466613,7.10554230395494,14.6502151630328,25.0863829248669,38.8793825554183,58.9451200830042,0.270279858914163,2.17503059638963,6.89376827152027,13.6377670428492,22.1865104350292,32.2262210835553,45.416845439484
"Bangladesh",2.79654569220353,24.4572645771155,57.3298255800774,97.1230019137623,144.915717692592,203.338084579133,270.079555390116,2.79654569220353,27.8833300988793,71.4604779613388,130.040634921324,205.27262071846,298.631021622976,402.122919294295,2.79654569220353,27.7658813335579,68.851304766895,121.050902677383,185.762895660668,265.378384056994,354.811055122091
"Barbados",0.895067272283328,3.8677347537671,9.05392246486741,14.5952799380758,19.3084236328805,22.6046851039778,25.096717693657,0.921825097774753,4.34092349423798,10.9248925036489,18.7148591558234,26.5657744296024,34.0463953362157,41.9948221621935,0.921825097774753,4.32327272652653,10.5216167086208,17.2469088009962,23.020809142386,27.0618403304694,30.1200002271175
"Belarus",0.144933715629013,0.992102790308813,3.38360592377008,7.32998372861475,12.9373393146036,19.0933801201123,24.307947879045,0.149838133517715,1.13287343766364,4.20670483603422,9.75824790239485,18.2599273718875,29.5480822451822,43.6999155085794,0.149838133517715,1.12889163890593,4.04819647425714,8.9730458041084,15.8457686702238,23.2735798758165,29.4836851330048
"Belgium",0.0517976539387732,0.421827336091696,1.75850047566953,4.18715544267167,6.80740561328153,9.02764793584507,11.5106879436452,0.053049702757774,0.469370291378609,2.08102919155746,5.24676463411251,9.1480787954625,13.3479767477978,19.0992465422764,0.053049702757774,0.468375651812096,2.02813783459281,4.96508284669247,8.22798279791298,10.9880397880554,13.8578550120786
"Belize",2.12804543193789,9.04321954686121,21.3748373575785,36.0800820320319,53.0820060045396,74.0652323719681,98.3726164772845,2.17603763384826,9.87911064647383,24.8416909619065,44.8933411074903,72.6772331932561,113.731011003086,168.433832289049,2.17603763384826,9.84742131202458,24.0220859796201,41.2062812034584,61.2146643250401,86.395584522525,116.461003774588
"Benin",12.9312033048763,59.0265962950247,140.086590503363,221.220558161708,286.135547495023,335.882953286539,373.106603076314,13.9916888374586,77.2368803184171,204.651856914784,338.829715268439,449.167328467261,534.878050626975,596.217323727427,13.9916888374586,76.7260658251557,194.791859209787,312.123758212338,403.877738495194,471.872929254859,519.660881930967
"Bhutan",1.7061356329595,11.2736855527167,35.6652832624695,71.531225772467,113.523327260445,160.756064937438,213.39004340056,1.75024729425703,12.5374620567219,43.3079375213431,92.770877299153,162.144800763478,256.472752478528,362.339660051664,1.75024729425703,12.4972828799946,41.7704544538583,86.2061791519182,145.437288890597,221.978118882394,305.486550273215
"Bolivia",4.62562188264817,19.6810729691938,48.9373183947346,86.2297954565677,131.40394125278,182.318985415264,235.329254391701,5.10466464039214,27.5783270418502,78.373732053516,146.23946067619,228.656991889142,320.975578733529,413.828845953484,5.10466464039214,27.3486747841261,74.1117957959963,133.368155053872,202.826970900893,278.392697934952,353.638455714339
"Bosnia & Herzegovina",0.17978849608274,1.17972159029526,4.19094234023135,8.86342452304221,13.7215468737217,19.6478101102481,26.1597444918121,0.182596832616598,1.25623111569324,4.67162827912406,10.4818866068629,17.5790001469139,26.8417777645538,38.4834836648189,0.182596832616598,1.25441653987492,4.59760755981938,10.0183903293082,15.8698137075517,22.7490959790016,30.4097199537567
"Botswana",3.69656565455372,19.3739995986714,51.5094798683209,90.4291749341735,121.994293131807,131.943017981632,124.282129060356,3.83005602674271,22.079179862643,63.5467226282139,120.128118043277,175.92464247218,208.884577074808,223.107062081656,3.83005602674271,22.0201587858311,62.1123387017829,114.363357361576,160.853070590243,179.27841637678,171.870830531277
"Brazil",1.84136296488039,7.05423499045659,16.6813952913764,30.6058068681634,47.8429393100274,67.3788536062277,91.1871845728257,1.88796636319674,7.77382085856616,19.5569018249151,37.9019444793676,63.0213375146759,94.6542084031606,134.951911137178,1.88796636319674,7.74700137726358,19.0051072776352,35.683782259264,56.4627011846184,79.6876908079438,107.581056768208
"Brunei Darussalam",0.276488221456964,1.79583791711038,5.85974756072457,11.975588248477,17.6616243381498,21.9539860975754,26.6013890088941,0.28477307275953,2.00675004812455,6.93560327808384,15.0678059932631,24.1952927687465,34.4136254344811,49.4806048453999,0.28477307275953,2.00062914362822,6.71730792216443,13.9884101887389,20.9224307163727,26.3773014539708,32.4383664278243
"Bulgaria",0.652126260850507,2.65913347029056,6.41053168462093,11.4973913742613,17.0407326763322,22.0860360565925,25.3208226233637,0.669765861218983,2.95579643937276,7.60220557959668,14.3901757776228,23.0322142333368,33.580944161002,44.827143503515,0.669765861218983,2.94508405563257,7.35367232703196,13.4036266700949,20.2585260575299,26.9526321487861,31.5868628338127
"Burkina Faso",9.04485967186615,83.6990202265255,183.438080495331,274.211220229534,345.476217024181,398.753516752841,433.848119234402,9.04485967186615,117.167869915439,294.907824535547,458.30672049843,575.788915158124,651.776753314382,691.235998184263,9.04485967186615,116.359780600212,281.888849838168,427.964360685394,531.76213944154,598.840554347474,633.929958139308
"Burundi",6.35705824834413,36.04647804387,100.302547510513,181.654422836417,262.373246423056,330.433697475469,375.326796183273,6.69096033170036,44.0620406623474,140.853955792975,277.941959959041,414.094600517682,519.449551434563,583.564210450782,6.69096033170036,43.807073902275,132.656442021909,249.651899719686,364.410410746865,455.75991990104,511.032329576242
"Cambodia",1.39187187602305,18.9439634958748,53.4843093451344,100.724447841503,158.962814644795,216.695860430429,269.675351461326,1.39187187602305,20.1512385386042,62.1869282220916,128.004485690923,220.041954329542,321.763275272639,416.923755012809,1.39187187602305,20.0791000184878,59.2878791013821,116.356707462803,192.850293164113,271.68301886303,340.34172239381
"Cameroon",9.44443640948746,80.570454321113,176.012828023229,268.323364216688,333.323870589607,370.371418636283,384.993827209618,9.44443640948746,103.352784152834,248.356199924454,391.888098536937,496.10018867929,558.573756308173,589.619634347315,9.44443640948746,102.639309385917,236.881123026607,364.197568679941,451.303945468672,496.958673572502,512.401109926271
"Canada",0.115666696326226,0.67751342698376,2.25637453365224,4.85600398600933,7.72557525245138,9.82706853681126,11.1438116785525,0.117459827020072,0.723552068303443,2.51281158811065,5.64963250167691,9.67288689019431,13.9518016796727,18.7175420312527,0.117459827020072,0.722243058544163,2.46565362497655,5.40344801123011,8.7565350346027,11.3612367427117,13.1156168790117
"Cape Verde",3.01014064554013,11.8176782700671,26.6134908553217,42.7386433263421,64.6410772197141,96.2049012020173,134.566868586551,3.10453553142909,13.3248731437494,32.1998008731435,54.4905843560823,86.265465730401,135.280261607776,198.956502482402,3.10453553142909,13.2712184919055,31.1063857554402,50.7567753591629,77.2425809405026,116.297456752404,164.601681055473
"Central African Republic",24.424936920091,89.9101256000829,181.198235564521,254.71657624539,302.125090206193,321.394767791379,321.694066737671,26.4068212660675,118.171019235559,266.151321812811,392.265438839424,473.470927851269,508.405166405827,514.54863880877,26.4068212660675,117.338524156543,253.215345849413,360.872737138952,425.398769301932,447.035805596364,441.969482774747
"Chad",13.802450063627,108.125292291865,224.337940694706,325.983176296681,394.978209951869,430.979783960099,443.603925194695,13.802450063627,147.167258736659,337.51257462343,499.515048428778,596.400525899165,637.421173644606,648.379107107734,13.802450063627,145.864023542855,318.647094993391,458.246925135764,540.895316023962,575.655033420217,582.555358567482
"Chile",0.695393500150356,2.6527973088819,5.84323725462648,9.77688892796317,15.1129052033828,21.5110929485576,28.8744930565739,0.712154113771397,2.93583238197307,6.92739209345908,12.3801304943062,20.6700765376508,32.2114833163771,47.150826427607,0.712154113771397,2.9246047227656,6.68826752360822,11.4509549266093,17.9445288917512,25.7306407234251,34.5507382664742
"China",0.364741068349923,3.78613800185593,12.3464631653,24.5309176091549,39.6346884461437,56.5843060100157,75.2499318947723,0.368390922564549,4.02418460746314,13.9825213351353,29.3526479827558,50.1528207499274,75.7563393067537,107.056194283792,0.368390922564549,4.02142005863507,13.6753408280166,27.7561851802547,45.990228144709,67.3934134798263,91.5215503460002
"Colombia",0.971446578103947,7.6414370159697,17.1466194522347,28.1513640274259,39.5340537675453,51.7631265460896,64.7744302563314,0.971446578103947,8.43312959451324,20.305258263387,35.5086183015232,54.0632749329911,79.0253659302122,111.510824875228,0.971446578103947,8.39514770109081,19.442275895551,32.4126391522119,46.0366331515087,60.9184815840529,77.0973257533734
"Comoros",4.55797036391579,46.2607788585757,109.92941106891,177.211091397711,242.703539115154,293.313278552658,337.629748756654,4.55797036391579,55.4202998330558,143.818699553984,242.615671404752,341.36081901296,423.348804385346,495.798283567118,4.55797036391579,55.1737048171833,138.897609169344,227.835932544036,312.762627610058,377.894417607777,432.834214457772
"Congo",5.37625769484405,47.393318239997,109.545691595531,167.992201631878,206.987033882277,226.139328970757,233.397318596238,5.37625769484405,58.3845811770316,150.237403352722,247.471105611649,322.479592443545,371.834065855485,406.23277468217,5.37625769484405,58.0214826233237,143.350822248835,227.410803830589,284.709952180339,312.489806113147,322.477378063862
"Costa Rica",1.00915443509309,4.13102378032186,9.10504166472528,14.4033559673571,20.678148608381,28.1266883134988,36.7781760067874,1.04472462743353,4.69723168330959,11.1724455667049,18.9266311139513,29.4407382998472,43.9265689686474,62.7661591981237,1.04472462743353,4.67674611303605,10.7477811052939,17.3448777142571,25.1514626546792,34.2367937961468,44.4033495003545
"Cote D'Ivoire",16.4386402429162,61.9447329929245,133.003904937,205.232784165354,269.306779881183,313.41228569886,336.204439872256,17.5760909724902,78.8506482206783,189.27862489507,308.626501182832,414.068102837157,487.604668447823,528.603173342644,17.5760909724902,78.3070785453271,179.845661490216,282.54442821122,369.322332533493,425.352682217867,450.73216846147
"Croatia",0.105577480718072,0.68765634926616,2.50570379165524,5.54604055404365,9.05465734398543,12.4838200758005,16.8818743674895,0.107426381821756,0.744232701359788,2.87237099241277,6.69834358034676,11.7432373469648,17.78844520504,26.7161138556807,0.107426381821756,0.742617954068731,2.80131357174786,6.32619284464304,10.4429646591975,14.4270305310663,19.4167652455115
"Cuba",0.52644580154796,2.10023503888792,4.54203103114512,6.96053777831193,9.55350146962073,12.5517924569173,16.7613661817421,0.544288650162717,2.39453985364196,5.64852497178179,9.42687659563877,14.4185551325521,21.6932610160504,32.6906309364897,0.544288650162717,2.38324217953041,5.39311315480343,8.45049522771863,11.8014264528536,16.0341816385482,21.8817454423706
"Cyprus",0.0636854485511517,0.53487352654487,1.97037714542276,4.38102620583212,7.55103356692818,12.1162323412185,18.5476854104724,0.0648453383851005,0.581942159259288,2.26307608555707,5.27205852101936,9.55384669849726,16.2109150621574,26.2953673396614,0.0648453383851005,0.581233753807814,2.22205958610712,5.05833680324507,8.84709143854678,14.2897553687779,21.8878302656474
"Czech Republic",0.0681756947515059,0.381802514554973,1.26707060743024,2.86132243537878,5.16332980125082,9.0438616028252,14.7283744608108,0.0700474079610533,0.425470225460215,1.50537108881817,3.62895762077049,7.22503626320023,14.3735532014137,25.9138334118329,0.0700474079610533,0.424279362649138,1.46046824770024,3.38448292782032,6.21340983250488,10.8568082013442,17.399666699764
"Democratic People's Republic of Korea",0.126610511781307,2.01250190118251,12.0744874976274,32.5859046782631,53.3756159382127,75.3229622534788,99.4085853646871,0.12705582524221,2.25453813161719,14.3877623896521,41.6899033102911,73.1709086015248,110.11714385857,158.545550813661,0.12705582524221,2.25413168516897,14.1036307487323,39.6650598661959,66.2582332865708,95.1189344207335,130.993152830579
"Democratic Republic of the Congo",9.56156673263937,84.6901900644544,185.621172834814,282.502559586947,363.12268146398,417.521318686441,438.821510711481,9.56156673263937,111.432157537736,269.881548896466,424.68801197412,549.398320928153,628.086400181618,659.257489744132,9.56156673263937,110.660736007517,257.338302069931,394.14262984355,502.040824138545,567.63886407248,589.724258862679
"Denmark",0.0469817540128392,0.378180845836292,1.57528858868433,3.87473537548388,6.59976598429237,8.92101125697841,10.9959992270601,0.0477332618231895,0.407404027528926,1.76952252971274,4.55651206759856,8.26335674595537,12.3026807407474,17.2717099550106,0.0477332618231895,0.406910650180171,1.74125398729836,4.39178215426038,7.65049327294137,10.5611449878977,13.1993948719731
"Djibouti",2.16602115651087,12.9045560166379,40.8961930259552,86.9284328777883,145.029299441833,202.025268472096,248.110263904284,2.31033939295027,16.2872378095089,57.8600072462508,132.106181769069,231.664741597737,335.365277893527,423.872143576379,2.31033939295027,16.2069806495255,55.3434264073956,121.586872139396,205.772101755877,287.765861484125,352.453439646649
"Dominican Republic",2.70959875661475,21.0373493450312,44.0373716148464,67.7587736352824,91.5141634355141,117.20700401864,148.143947639821,2.70959875661475,22.486736620331,48.9732221122842,77.7840442323938,109.927307675331,149.341461421357,200.009935562162,2.70959875661475,22.4276358567351,47.8143354977096,73.9333035252975,100.651261778075,129.932490362133,164.810465713206
"Ecuador",2.42477835099247,9.20694155867471,20.9087454775183,35.0996661428718,52.7251751736058,75.2330270929842,102.889262981896,2.49593393909192,10.3666729318015,25.5745088869011,46.2358998389704,74.8037133576359,114.673559893689,166.954200725789,2.49593393909192,10.3188534645326,24.4701622774473,42.2005661897162,64.6994334773884,93.4585180520139,129.002710887176
"Egypt",1.01477197413746,13.876954264284,34.1475397712262,57.3784578796751,87.7594616991867,132.604519579575,193.032691388289,1.01477197413746,15.7869193784413,42.0688670858042,75.2825371456261,120.652784316149,188.154045448441,278.592573868963,1.01477197413746,15.7445037577804,40.9214718903395,70.8612736212218,110.039327043258,168.056541291918,246.09872044463
"El Salvador",2.42237529206863,9.60794270355363,22.2372791453038,36.1463143769107,52.3681146332508,75.6050385376609,111.096763967717,2.47910607747497,10.5191137232679,25.7972884358817,44.6944426575453,71.097463289165,114.393226009548,185.384778158037,2.47910607747497,10.4847747786084,25.0121596862335,41.3413920890979,60.8160700046869,89.4257195871475,137.453619304206
"Equatorial Guinea",23.2464877573765,80.0542627479625,160.415847004094,235.975124099987,299.507488693886,345.689577905,374.398809515695,24.8728212777595,102.029711407679,225.06644555198,344.800204954554,445.855435117011,519.808753775548,567.419418557182,24.8728212777595,101.31612783701,214.523545322251,319.042544475187,404.095115817333,463.991963579364,500.588451400968
"Eritrea",5.46671778940872,29.849818543533,78.5392359851778,132.264117035926,185.357314262054,238.32495957093,287.464567960821,5.66744789376273,34.1487344256037,97.4304881433498,173.31190261005,256.137996250851,348.32992871226,439.021724098989,5.66744789376273,34.0385120163603,94.5930146540753,163.361032316673,234.17467536302,308.042229550069,375.46769530927
"Estonia",0.0775094686868659,0.573735873087761,2.15025369158435,5.07748284479669,9.77794057701818,16.8678835617729,25.1281453496577,0.08079314546584,0.674433069217436,2.7297109737811,6.81240568454015,13.9341726344383,26.0724508698371,43.8359054427246,0.08079314546584,0.671567131988233,2.61730254554101,6.24083611784917,12.0014046384052,20.5798316127689,30.463361635969
"Eswatini",7.8427735950476,35.2866873653277,87.9721550426325,138.420281379037,162.14244175327,157.772475571297,149.059211457759,8.22496931194485,42.0918936149952,117.284438568717,200.277894271138,249.114118020106,258.635561887716,267.916445419674,8.22496931194485,41.9143179112031,113.603859965263,187.950456042933,225.008446326954,220.545753141599,207.607721128698
"Ethiopia",6.90647387451421,34.8438760403118,92.8064941509017,168.888181620889,249.579000344901,317.509942717885,367.068612279608,7.36119824418061,43.7410874347289,130.787912868243,253.896570771498,386.360362467682,493.59778016958,563.999501758294,7.36119824418061,43.483275307568,124.419518988604,232.183478763862,344.732485208663,436.003837527998,497.906986407125
"Fiji",2.35536642626946,11.771172268364,27.2900763920778,40.0934252290554,49.8332543064914,59.6310131347466,69.0004134552383,2.41428949624708,13.0105419164169,32.8724812785953,52.6609715749343,72.9737173872672,100.963581335208,135.575056037119,2.41428949624708,12.9704630158832,31.5650911941097,47.3538019139256,59.3813855925767,71.2445566245674,82.5745842892256
"Finland",0.0374765727243262,0.30099472585147,1.14509388683683,2.62613459756353,4.42175402641274,6.23109144633313,8.01823885835399,0.0385539280583683,0.340677742365131,1.39579370060439,3.40875859113287,6.22897147989627,10.0180787990831,15.4174554493414,0.0385539280583683,0.339835723292185,1.35025215886791,3.16238550186915,5.38431300874899,7.60398133171028,9.71838639466316
"France",0.0596463398955774,0.48795110564748,1.85797238426299,4.22731795541711,6.75865255121835,8.83944034017808,10.9839063601096,0.0608048391020755,0.532055987370345,2.1343088445883,5.11414053018339,8.73981493893143,12.6397963552396,18.0936142508535,0.0608048391020755,0.531267571431394,2.09176631179425,4.88235503639966,7.96797307518017,10.5867056043292,13.2378740149522
"French Guiana",1.27852509115648,5.62926306128279,14.3121195737246,26.6599861407791,41.0431467491874,55.6479270581265,69.7026173643781,1.30689932763401,6.13958242106399,16.4554709661425,31.8968418421152,51.105570613072,72.6329083570843,95.5594194172624,1.30689932763401,6.12066859403358,15.995863220497,30.1375284506766,46.7433626360776,63.835170959321,80.5506245142105
"French Polynesia",0.601757055003936,2.70388146130735,6.96732582394547,12.3932963679237,18.1477378222314,27.2355334940304,40.8929447607093,0.609052250806687,2.84197004594258,7.60394556618044,14.1065088996501,22.0546000351129,35.8378728321367,59.0601053937737,0.609052250806687,2.83713525180876,7.45940302167003,13.382258893417,19.7207941530095,29.6267858665485,44.4433313414901
"Gabon",4.74592212210414,38.4865619813293,87.0342854374738,139.679036046132,187.259095263004,224.841159293206,255.51203743572,4.74592212210414,47.6985426132913,120.194205621796,206.378124216769,289.928705707229,362.362251236469,424.444130924216,4.74592212210414,47.3730061590436,113.863910638106,186.994214858532,251.968834312448,301.914092787799,340.878134289979
"Gambia",4.58681160888124,44.9347504958139,105.62993778759,171.715131817337,233.958161207577,286.69251453314,321.24445811216,4.58681160888124,58.7402521595142,160.995492384551,286.214031793526,411.111427855725,519.113826697967,593.443196825435,4.58681160888124,58.3075725610872,151.682627756023,258.902376861138,362.271142151751,450.756163702497,511.752460747038
"Georgia",1.22083345929712,6.14028171497559,15.8952538053481,27.5905244273726,41.2504248687711,58.3804165725675,74.8331048184967,1.23480770233975,6.48515470356146,17.6673776367908,32.1692033748802,50.3381343175079,73.680586834123,97.8864613072106,1.23480770233975,6.47283497926502,17.2788032023654,30.5924220750227,46.2461540785873,65.1334979810066,82.2825144750477
"Germany",0.0705083672850097,0.413588017804848,1.39585930184817,3.11857173187636,5.17619971779032,6.90287040762667,8.52611284347906,0.072130932032188,0.453508285118886,1.6197175924434,3.82047928828216,6.80548745007927,10.0809814161602,14.1932084418558,0.072130932032188,0.452490021975493,1.57984604903207,3.61237970473683,6.1090838623457,8.28533186765186,10.3280665193054
"Ghana",3.0685868261104,30.7561261392059,76.0613452806752,129.972856429567,182.464829450803,226.520703947617,263.535867288656,3.0685868261104,38.5954017740446,108.550868354715,199.735907655397,295.596172573351,383.111945221044,458.664417418483,3.0685868261104,38.3435670258843,102.649661723516,180.656880963224,256.819595378927,320.572766068598,373.027649413979
"Greece",0.0599891195941382,0.349715693235752,1.24085116232149,2.85740691679138,5.07521245787216,7.91618452833055,12.0541698651991,0.0610582270528324,0.378416303748839,1.42664847236496,3.45315935921825,6.51439709847178,11.1265183521886,18.9231969894671,0.0610582270528324,0.377403600431272,1.38474777033059,3.24684061417466,5.82970706747663,9.11083819974567,13.7272786884615
"Grenada",1.10210690388045,5.16261744900396,12.7456208429298,20.9663115292859,27.9119033162809,35.4780952973062,45.1753104936325,1.11424253591902,5.44907758422125,14.2478818209024,25.0783829467189,36.9693938618521,54.1330023907353,80.1432761152261,1.11424253591902,5.43485429600765,13.7844896386106,23.1531163146344,31.5515128931351,41.2798420529428,54.5157706168845
"Guadeloupe",0.223289123633443,1.42912789402558,4.49657118652468,9.12068622915563,14.700615907095,20.5452562477845,26.8554539018794,0.225392058170584,1.49495491190889,4.93188654804823,10.5955363079943,18.4302992805498,28.6271091948575,42.5594185795434,0.225392058170584,1.49258633076579,4.81218552775164,9.91522201486889,16.2304304695115,23.1092090804762,30.8742215110889
"Guam",0.793189026862267,4.30823736684463,11.6430757596221,21.0413336385592,32.2600001363285,44.2814399423675,56.4049090785685,0.809245412004339,4.66772050098233,13.3464360849505,25.220860487532,40.4057981798636,58.3785852614832,78.8220249718593,0.809245412004339,4.65658276225407,13.0085109985968,23.8374633814602,36.8181766790901,50.8887619335558,65.3418299495774
"Guatemala",1.86485205259191,18.1359820488373,43.9610376017286,76.8579324848489,116.078289721329,160.029772211712,206.505435871698,1.86485205259191,20.4547704811599,53.0555615203104,97.9482196713093,156.187421674068,228.05842637746,310.927466111789,1.86485205259191,20.3816783659624,51.5139825110558,92.112814466548,141.387585233478,197.656685544559,258.289010750499
"Guinea",10.1739615808335,76.8074176391916,164.455378649911,258.029370666574,344.861162981951,413.215504794767,456.183231602521,10.1739615808335,102.375720927493,244.955390851719,399.576728333984,531.710897309952,622.793425404527,668.393324627106,10.1739615808335,101.534967106006,232.557957787252,369.858786717123,486.766913020179,569.340627238844,612.650302409427
"Guinea-Bissau",14.0849300273352,55.8400137823004,131.59834619672,218.274242860907,297.287244174709,361.315359862779,403.529921686759,15.044730976028,70.7948919528966,184.658146229766,320.008478599173,444.328285252197,541.833471235715,603.258691188404,15.044730976028,70.3184276246882,175.94397639496,296.374921986355,404.014752101788,487.092006693184,538.402373499575
"Guyana",5.04816385760405,20.9245653396143,44.2754596049841,65.3382321839469,84.150153886443,99.9104875886805,113.289652283275,5.20062181051035,23.717654141583,55.0623207646335,86.964132040772,118.602934293929,151.873903955855,189.60789186622,5.20062181051035,23.61001352616,52.5377571747573,79.0309792375657,102.757842864807,123.153405780154,141.358394046929
"Haiti",6.78343907405999,29.8841048744055,71.3805100613973,118.158636922673,165.191947438376,211.263251833698,254.454591564491,7.27538422434987,38.250906029892,102.378941203693,180.777509367979,263.578052457891,345.794212120211,421.601658691157,7.27538422434987,38.0007099082996,97.1888788810024,164.11797044668,229.546897166618,290.579622939557,344.526255134644
"Honduras",1.6162438086947,15.8030102811455,38.6362003192778,66.800499071833,100.141218035774,137.644375619259,179.23818920476,1.6162438086947,19.8708445613229,55.1078335603087,102.002624552972,158.627769486908,222.939353987819,297.108005441986,1.6162438086947,19.7319820355858,51.9842540145095,91.6252279424346,137.107169083902,186.175204578165,241.391854919392
"Hong Kong",0.0127398016553596,0.0995143546055046,0.405659504622342,1.04605887762117,1.9925644747131,3.07338701041102,4.53692368127657,0.0135219045132361,0.127106957524943,0.582689405270174,1.62853080517472,3.30649035683196,5.39859055582021,8.21392298926597,0.0135219045132361,0.126666951763724,0.559315752460385,1.49909802390866,2.89140809175439,4.3843364093153,6.10901772375577
"Hungary",0.215875495515318,0.865743911894592,2.31798089030361,4.9480557459801,8.97433449201971,14.7143520484633,22.2442457663592,0.22041327129333,0.941362864878586,2.6525290745816,5.93738602087892,11.4813954941482,20.4204323014453,33.1865985018334,0.22041327129333,0.938943133338295,2.589483560481,5.62384164626039,10.3348820656391,17.0084215506815,25.472702577628
"Iceland",0.033583156620415,0.278424151666034,1.06755312397219,2.42550356520366,4.20964756086138,6.35620980817101,8.8145889330784,0.0347628752426145,0.326698025375172,1.43370720411578,3.59337959401993,6.70995033215569,11.1212670139864,17.3979626299025,0.0347628752426145,0.325480412143775,1.36331185071831,3.22331220516369,5.59659388138583,8.33008811753114,11.2764734804589
"India",2.39351630992437,20.6387871361922,62.3412121363024,108.272169976664,150.028759059756,189.528692746818,227.522233638979,2.45501883152699,23.1448344625038,76.6121859799619,142.724648644995,210.284133740704,279.89175071832,349.521162866348,2.45501883152699,23.0980763821824,74.5867986536092,134.435584852505,191.483999180521,246.515133535675,298.957687295762
"Indonesia",2.26045298550887,11.0448739278802,28.0725351910033,47.9569063374127,68.0807982487822,90.206066683968,118.054409289654,2.35442100084261,12.5885526626896,33.8369923233679,60.732573592614,91.1889032787631,128.80685921272,179.901063329386,2.35442100084261,12.5398734556684,32.7842937953263,57.002767484655,82.4888404349531,111.387473009979,148.95448611849
"Iraq",4.5064598083195,20.9675065996585,50.5474507477632,80.8269217230686,108.328042932853,134.181987502933,159.581468088586,4.62097440361895,23.2612636250711,60.154311953721,101.779072451314,144.488985726657,190.25289029356,240.636213027059,4.62097440361895,23.190388788374,58.3538951774723,95.3957192430157,129.905561895619,163.093138646651,196.085291311369
"Ireland",0.0753378926674732,0.497465441490969,1.61436186846646,3.58248367753471,6.38489669369282,9.421098821508,12.514784073906,0.0768586954882989,0.542442501914659,1.87329160399287,4.33973570326111,8.17224652971105,13.2070851315198,20.027418238387,0.0768586954882989,0.541104995952413,1.82274609168766,4.1039570558892,7.40404869343858,11.0715206579821,14.8469807469293
"Islamic Republic of Iran",1.1624124910005,5.04342664572728,12.9357188218024,24.353915670953,40.3420343328434,62.9809388372564,98.6566594172418,1.18965388030008,5.49430204876214,14.7927476254788,29.1207449359558,51.2278321953632,87.0047032776249,148.987655641485,1.18965388030008,5.48191488458642,14.4898659946934,27.7699792607436,46.8912710282495,74.8689298752819,120.269582438949
"Israel",0.114778425062242,1.01809394286732,3.3838453450682,6.96330288451344,11.3420098627342,16.1451713012778,21.849177045818,0.11712161323176,1.12362405107764,4.03489904813399,8.83826441621457,15.3770026713577,23.6303548239799,34.7374074589135,0.11712161323176,1.12197252195654,3.93338953130255,8.30890773460506,13.7445768746778,19.6904115031158,26.5224262098503
"Italy",0.0427309446508739,0.288579153864323,1.04075950794834,2.38659677497439,4.15685302504382,6.12487479213726,8.57641420291092,0.0435636102164261,0.313190821945133,1.18835486381264,2.84471011389718,5.21769358274585,8.33301647856362,13.003527806742,0.0435636102164261,0.312593787949721,1.16155848336661,2.70831313718296,4.77309754950214,7.09798737742198,9.96172866848946
"Jamaica",1.62960828701143,6.99612830393575,16.6403579111739,27.0294702189143,37.2643010113592,48.0350797692084,58.9292302169002,1.68234445854278,7.79347396612081,19.670066731853,33.7667801614514,49.7017901409092,69.1184530258897,91.8783698357992,1.68234445854278,7.75837036809192,18.9246562752914,31.1392595076079,43.2235384739828,56.064767741918,69.3821289864788
"Japan",0.0246882864881551,0.195860053684496,0.792073103257716,1.91429917636587,3.23972138510318,4.45870254884297,5.79094951828253,0.0257147270502133,0.232762724476233,1.02726165840096,2.66721246294338,4.87584625811794,7.4767176670003,11.2846509452326,0.0257147270502133,0.232102738274282,0.992071898691942,2.48119321141193,4.29299367566021,6.0107761597466,7.90561252899257
"Jordan",1.05089870474635,6.57206424432677,20.520424743149,40.8309259005188,62.8259485538971,83.8186339270721,105.325407109167,1.07131065361892,7.10844442031155,23.4133185899493,48.6052201798878,78.1373430690877,109.685292509694,145.990994327154,1.07131065361892,7.09513698247069,22.8862607863808,46.2307691593903,71.7946097687572,96.4082549429524,121.687210279646
"Kazakhstan",0.835513670976658,6.19455420717031,20.0535840739241,39.0160858019671,61.3255144018634,86.0212721667151,107.612559866898,0.862213101122253,6.93320571020523,23.5199844838749,46.9517482478452,77.2571957715901,114.969984198348,154.200386026969,0.862213101122253,6.91875578980563,22.9660253649965,44.6535786981084,71.3024594163344,101.645681157298,127.799540828697
"Kenya",3.42914552276526,36.0026194942138,89.2534457769124,147.631390317891,198.37800107058,235.766568293588,259.124872415123,3.42914552276526,43.2026517682896,119.072861721289,213.098520596214,304.001658652229,377.534654598062,432.017781948708,3.42914552276526,42.9984814381445,114.376211748098,196.791342896874,269.581049266647,320.99031504712,350.620852396452
"Kiribati",2.43477710653273,17.0780112663116,56.0524630128837,110.679200623551,163.035207558006,198.837897277047,222.900226997543,2.51314124687343,19.4389746646618,68.5259468200252,141.867426379711,217.856510777154,278.744754084064,327.926793482919,2.51314124687343,19.3930030104034,66.8106135751891,134.827900563014,200.957124953725,247.557856900213,279.502823793005
"Kuwait",0.227480529345619,1.95682927532123,6.93452275813201,14.0112398742247,21.2191333430946,28.0813331777991,34.6847634525899,0.230844806951236,2.10221959702706,7.90851667207406,16.9241090899591,27.5930134582961,39.6825219530657,53.5620043365279,0.230844806951236,2.09952244587032,7.72086724421305,15.8848884713088,24.3016815354205,32.2986544079391,39.9431869752674
"Kyrgyzstan",0.885527593184877,14.8593297823536,41.3153816720576,74.0388722003931,112.29520013349,154.543602738334,196.153493738433,0.885527593184877,15.9336042480133,46.4167587504872,86.8235123450907,137.974757718785,197.105805321284,257.020307976813,0.885527593184877,15.9161916340037,45.7521414912553,83.7238107142339,129.714092619561,180.437535291859,228.397132038192
"Lao People's Democratic Republic",6.43321171565083,29.8409606613788,73.3261259367566,122.589879441257,175.216071258361,234.439621999373,294.801591529771,6.67292624700092,34.3010427286308,92.0116711770321,164.034670110812,246.82557278932,342.75797055193,439.923510195391,6.67292624700092,34.1815944652704,89.2193691356058,154.332182902785,225.394868571633,304.719730838089,383.415339700875
"Latvia",0.156835895020586,0.960433487812117,3.33810604414788,7.34779788789163,12.899516284446,20.0784414813926,25.7660752959688,0.167615003016826,1.17352903520737,4.28543703054078,9.74683763697939,17.9133046590424,30.4071950463737,45.5740812903133,0.167615003016826,1.16795252336503,4.11690671824717,9.00512960479222,15.6477256747195,24.2940591051391,31.5616784606837
"Lebanon",0.39388176454967,2.40260884666414,7.18433642881228,14.5510296180808,24.5134300169574,38.444127402678,57.0461572664131,0.401305959855885,2.59194905496199,8.11439599321314,17.1321185349114,30.190217934665,49.7751835305909,77.7523814680653,0.401305959855885,2.58753206827671,7.95959845115113,16.3919924309451,27.9078152475948,44.1667771109408,66.2707687143209
"Lesotho",5.86456208062761,48.8280761805615,101.838526213614,140.554458698548,155.951714978324,152.994862438055,152.620972832312,5.86456208062761,62.2729012254228,147.304649560156,219.395686263656,256.412523478518,266.503375837629,286.693784114819,5.86456208062761,61.9030024496552,140.58472317067,200.270884172498,223.311013108175,218.051557138545,215.130863437372
"Liberia",8.45609167347375,66.0891617523238,147.862481991569,245.982318418084,345.448039099629,420.722690150219,463.535005989795,8.45609167347375,83.2026561429266,204.654054159071,351.807069473373,495.84934295583,602.370817043451,659.888693364194,8.45609167347375,82.6545758407439,195.591820210663,328.834579842792,460.225156851516,557.543428646108,607.867444166017
"Libya",0.211712724461589,1.67298838597408,6.52125427809418,15.8823037181695,30.0299789159994,50.1634866826316,79.2115538867211,0.215695492632685,1.82220086160125,7.52224825973484,19.261667778162,38.5079747183094,68.680851427593,115.785994399945,0.215695492632685,1.81920688941709,7.3508490143658,18.3118393278065,35.0696504536283,58.9041589512341,93.1460933847374
"Lithuania",0.127186080050914,0.780867608430497,2.85048670128872,6.40917569820972,11.1001234499182,17.6983360288703,23.4881477523012,0.130433345973142,0.867583199397188,3.40793635754576,8.31933102110802,15.9933085708847,28.3281160371026,43.1138940696602,0.130433345973142,0.864497075546344,3.26298031447594,7.5648993501259,13.419519085071,21.3644072420225,28.3460647175092
"Luxembourg",0.0533655120207739,0.379967055139565,1.25815388700417,2.99540425021787,5.40172232902528,7.94909163067908,10.6177279109591,0.0543879745584462,0.410433368019786,1.45995957655882,3.71665478075765,7.25518442137548,11.834188020607,17.6422741376218,0.0543879745584462,0.409749666047338,1.4314044500018,3.53889032420954,6.55745140793693,9.82076443002017,13.0808236409061
"Macau",0.0339029172966158,0.333349827851256,1.14536533000698,2.34778406986505,3.71678584109798,5.48112984888313,8.44882044780346,0.0348489974282497,0.384740773193956,1.43697422255722,3.13324339481152,5.27126429685506,8.32872398696339,13.8364990382007,0.0348489974282497,0.384247997720638,1.40783869585143,2.99673664792379,4.86304926397803,7.26863548757335,11.2260846638493
"Macedonia",0.410875260283095,2.17764044650226,6.50315918588685,13.1260518164082,22.1185695835616,34.3100773387953,53.0823533052752,0.416445963769555,2.3038628590974,7.17745261607584,14.990629243345,25.8299846731058,41.0515613608024,65.4406319619883,0.416445963769555,2.30001004815404,7.04291013573419,14.3233452271356,23.9123331974002,36.9284372087151,57.3120861605393
"Madagascar",8.11359018729652,33.8062295246776,79.8701892422749,134.450675228279,194.053742587912,254.909783304485,307.31021155768,8.68345737495876,43.1438358949068,114.469929087395,205.386391155551,306.603061937064,407.741319915246,495.286705476208,8.68345737495876,42.814069705407,107.665418304469,184.14616845097,265.257064410537,345.350305555503,414.445802601815
"Malawi",6.73078755435203,58.0785126853502,132.465815075407,211.679095868453,283.023827756361,333.124256588656,360.913448009438,6.73078755435203,71.2219941351994,181.071087843841,308.798134350695,424.048428036053,499.392910639795,536.432721735115,6.73078755435203,70.8281289686411,173.639271356369,286.751941744993,385.304006700123,448.954022312514,480.209741916529
"Malaysia",0.201421142733077,1.10787046137698,3.84621985003299,8.6463297332207,14.7435097996783,22.2349200443709,31.1404144250671,0.206050916060775,1.22056595085984,4.51687649041361,10.964281622296,20.7668423375656,35.3111629643173,54.9237477122114,0.206050916060775,1.21744954100793,4.38746658072246,10.2167979525734,17.899379562583,27.2239683013944,37.8506767576382
"Maldives",0.234731052284316,2.28054454592959,8.36116100286872,19.8647729583604,42.6788286724786,89.9917651046604,166.44334641278,0.237689852549093,2.44037264693093,9.53553680594463,23.8425389741408,53.8460042559888,120.294387117463,232.029596709321,0.237689852549093,2.43708718930878,9.27408271419246,22.3679791508792,49.3502812866815,109.007128217748,209.300182321609
"Mali",14.6308050400456,106.809763293789,218.296047058779,323.662173508434,403.707496320506,457.926142700741,487.476556510839,14.6308050400456,146.64144832629,333.93113490236,508.341941442888,628.94948217553,694.385884757347,716.859832850344,14.6308050400456,145.473817039587,318.800516575672,477.432387816465,587.451320430974,648.796775558201,672.046430423101
"Malta",0.159013630438413,0.77799899038507,2.44648873057032,5.22222041265556,8.46410995156871,11.1986013180459,14.082747325701,0.161409483024784,0.831832179581935,2.74320269749325,6.15060492593573,10.6076647144346,15.2364129878509,20.9985236868836,0.161409483024784,0.829602262810734,2.67055403975715,5.81094124763632,9.58990007038162,12.878529771236,16.253476409332
"Martinique",0.194641640465253,1.18275877308173,4.06890426400787,8.80007227229297,14.2763330226598,19.528107846361,24.5761681796592,0.198250691409904,1.27905030501373,4.63151369368459,10.5578160357629,18.3875056718899,27.7285670924804,39.0923671406941,0.198250691409904,1.27565122308414,4.50412640985032,9.91879000702832,16.3238624588927,22.631419177664,28.858164636931
"Mauritania",9.45202991317262,41.262986783502,98.2598496191586,162.272517250895,222.104597669694,267.63918265678,296.398608840042,10.22466235071,54.3814397694601,144.333291358801,249.74596016517,350.575005710921,430.611383686354,486.567344572528,10.22466235071,54.0776260615254,139.307713083376,235.990932820967,325.402560353501,392.133492690561,433.514090186793
"Mauritius",0.707588986876251,3.32319948192287,9.12143648002661,16.4159040475605,24.7212831225952,32.7169986388018,39.7524388660833,0.727510778140606,3.69335308557066,10.647335518951,20.0562753992761,31.6969313566251,44.8167966227025,59.6326180356576,0.727510778140606,3.68304710242047,10.396890358711,19.0066130663322,28.6143220351117,37.4878271686921,45.3371249757592
"Mayotte",0.566880869794464,2.82263115565996,7.71172943602602,14.7231584360255,24.3372577503774,37.4445576112594,56.9904075338267,0.577218798573676,3.03975242114683,8.80711060236901,17.7338746164325,31.3173604729449,52.5280917552705,87.4631602777434,0.577218798573676,3.03161274231272,8.55268470817502,16.6134736623623,27.8401724934624,43.4172237670125,67.0502767987135
"Mexico",1.95767686522849,8.11338120783586,18.8554532113426,31.0976748076277,44.1702168308313,60.35538838342,81.3529956136097,2.00109374328728,8.84899857263759,21.7212406741961,37.6101301387516,56.4713603241959,82.8181910628751,121.113844245183,2.00109374328728,8.822277959876,21.1056731993361,35.2235622464628,50.1983717019553,69.2625691923867,95.2072030438604
"Micronesia, Federated States of",1.23346750993015,9.13446125315287,32.0668910094774,68.9614183917116,110.757711027781,143.297624196456,163.37168203812,1.27696466318198,10.3422561622343,38.5108618096964,86.9083802540787,146.853984446392,201.763639109333,245.730917833837,1.27696466318198,10.3153402130886,37.5091431288255,82.3474816044152,134.355767234083,176.228713510814,202.875221721156
"Moldova, Republic of",0.765098152954613,3.98608451079139,10.260382432058,17.4940712991952,27.0142627743069,39.4720941827381,52.6415742232927,0.781152877068712,4.32659349268727,11.939674537103,21.7922463851279,36.0584811410321,56.1135659685731,79.4145132172926,0.781152877068712,4.31683492252731,11.654743257733,20.5843369525043,32.5059061765742,47.8302845561412,63.3014871750599
"Mongolia",1.57702530220588,10.2157482010819,28.7004309366746,51.8686922723582,79.4571557778095,113.544762158609,159.52424328325,1.62066230130234,11.3414695235717,33.9932599832727,63.7012220134449,101.008338187158,151.825547265771,225.599753991114,1.62066230130234,11.3236816936213,33.335339022541,61.0493747383263,94.7652458189022,139.207093656336,202.348813570888
"Montenegro",0.093893067819636,0.859364500475083,4.17842892990037,10.3212092971528,17.2825033891019,23.9776420082136,32.0797477928497,0.0961025394920265,0.947823440304475,4.70299541153913,11.7901821917878,20.492216583992,30.2248269599439,43.9279192379597,0.0961025394920265,0.945784788031359,4.61067404272349,11.3103149225627,18.8897396955455,26.2044187451997,35.3611580702458
"Morocco",1.70222038877732,8.61168349313416,22.2164740248775,40.6858202792572,63.0794505013492,90.0050127332488,124.889811431493,1.74177104259884,9.42341317909851,25.8757364813475,49.7323581963202,80.4071662366591,119.690053723014,173.53806874099,1.74177104259884,9.4012114666738,25.2904471571964,47.4815470341528,74.9373249898267,108.599298614981,153.21948626806
"Mozambique",11.3049675647878,88.5841248968289,185.576780758011,275.566142194064,343.939867351583,385.5387106937,410.15178125482,11.3049675647878,113.105591423549,259.285608112578,397.336312905339,500.740434236579,562.425406390963,597.026032984769,11.3049675647878,112.357541857119,248.332796292847,372.45294107733,464.024199948696,516.79486761766,544.54443020386
"Myanmar",2.87298015865787,15.0109307586212,40.3463715070495,71.8265360532759,104.366828731981,134.904996985159,163.945897582691,2.97505802398035,17.2145753866597,50.583171541929,96.29689527155,148.512030700277,203.722983436825,262.886030571075,2.97505802398035,17.1571692735879,48.8914316726028,89.6074874241522,132.647601570628,173.913103620534,213.79203112739
"Namibia",3.08036654525551,28.2327017497488,63.0702705709918,94.906050643568,117.613450041243,133.015181809901,150.062039773082,3.08036654525551,33.5688814313603,83.048950030875,136.120819172327,182.026590247381,221.603407300157,270.290057441882,3.08036654525551,33.4165769052234,80.118061552516,126.021053941243,159.446726369122,181.159815035507,203.920374344934
"Nepal",4.84258115256462,22.5426772956517,55.1425516842858,93.0091837271482,139.696478486761,195.214985025256,253.392562199548,4.99128626552735,25.3537934600454,67.2244117706754,121.30867907918,193.4090360098,282.485006961511,375.733108492207,4.99128626552735,25.2672314176157,65.1374264013086,113.687010665996,175.675883948695,250.296034448554,327.977954665615
"Netherlands",0.0390324718235004,0.329492144116126,1.42479733584658,3.64853241556531,6.34159444272371,8.39505414802804,10.0938695054063,0.0397576887801145,0.358563247298339,1.62388309662087,4.35456181566112,7.99645048418235,11.4886787407722,15.4063962430128,0.0397576887801145,0.358085706240739,1.59547722830087,4.1842674194923,7.41469791056891,9.99701387235114,12.1694850088188
"New Caledonia",0.552428702531194,3.80010637386226,11.3990551461379,21.6337502638268,34.0027844885258,47.5342271863178,62.4672714589236,0.562377850694751,4.09663833084071,13.0011020413209,25.807913653212,42.4866644853232,62.8749661636646,88.0505102705218,0.562377850694751,4.08995816489053,12.7217457760189,24.5463824188032,38.9992293605803,55.0312808077428,72.9718214025731
"New Zealand",0.203906718011817,1.0889011188257,3.1321360326761,5.87137704210388,9.02388291957383,12.0652870860226,15.2215726189296,0.209486782712786,1.21068281431064,3.72158665698637,7.37625521580634,12.344983411186,18.7729701246924,27.317119077192,0.209486782712786,1.20735036594251,3.62800449559273,6.95284586853988,10.866135800835,14.7438634656196,18.6800724785102
"Nicaragua",3.20519313071783,11.9253091071465,26.9781732153671,43.9010771205832,64.3919697700968,95.733641712745,141.58450694499,3.30348781275104,13.4368550854414,32.6290600574361,56.3574589964636,89.4209989993885,142.79719808675,222.027246683508,3.30348781275104,13.3721581282765,31.2871693599657,51.6443433457173,77.4617086390712,117.149783279404,176.548123246505
"Niger",11.8316289591173,93.1210253303885,196.485111196717,297.529874977495,392.335929219469,465.221104878031,500.958947594388,11.8316289591173,149.43396259404,355.960296237878,544.31872298619,679.479322470036,751.335579350686,768.37251432843,11.8316289591173,148.030958330577,339.202376883251,511.826509855147,640.903492476588,714.913480934442,736.322311473122
"Nigeria",8.8593666159661,78.1227401719281,170.119639103043,261.342149924597,339.019587350527,393.240639198034,420.107652178939,8.8593666159661,103.218688236634,251.700921692576,404.102590564501,528.222290257629,606.864910304263,642.005201146087,8.8593666159661,102.322441677057,235.944912194732,365.968909468133,470.780700219156,537.492192830068,566.214928528279
"Norway",0.0404260599993572,0.339858346764567,1.35432201941322,3.16185865112385,5.31160528192442,7.42368783422499,9.88289256535526,0.0411877062657793,0.371417032624081,1.57492823534034,3.92009779497667,7.23020050800973,11.5940357564146,17.9664500573093,0.0411877062657793,0.370775057700169,1.53481430476462,3.68856081889053,6.37348827430231,9.13397950932604,12.2684107755797
"Oman",0.370194839727283,2.86004311225265,8.63237762176546,17.8241658418108,34.3933046058863,62.8221421466491,106.748160766906,0.375464099257337,3.05836889458033,9.85339736481516,21.7843599472056,45.373562951361,89.9439542903147,163.5094817856,0.375464099257337,3.05431358112455,9.61487080361843,20.3866489971594,40.1785571825292,75.0861304246127,130.885107997525
"Pakistan",12.0041222869308,38.3171493485957,102.328495613396,174.216118331316,241.132898118755,298.44952783595,348.707780489232,12.6382220806576,42.6239368293031,121.27762458284,214.824474725166,306.488131679843,389.253050723273,463.029793845585,12.6382220806576,42.5388886306057,118.84855632951,206.334062997837,288.611706955098,359.414034801161,420.452346583149
"Palestinian Territory",2.5545724340071,13.9246122674616,36.1790075091743,61.8801277376052,91.1055136831796,121.932473378304,153.100493560279,2.61077052827929,15.179441286607,41.9256559739951,75.2295800134528,116.096847365563,163.389081623507,215.26369368591,2.61077052827929,15.1449203326553,40.880063662042,71.0903914166536,105.686559721844,142.551075332874,180.446188192583
"Panama",2.70347026608779,10.4207423458531,22.4979748703512,35.0085116948247,47.1040621842108,58.2683236409576,69.5500330616936,2.83160114346828,12.2943579888025,28.7282441842203,47.3872370764413,68.3163920952827,92.282558842836,121.242452362523,2.83160114346828,12.2333770909939,27.6676742247011,43.8878610473686,59.7351115185188,74.1294962772547,88.0824733072203
"Papua New Guinea",5.90254458084408,30.3905507439649,76.0765956644959,123.895555903633,167.294454875722,200.782733091765,222.97803071165,6.11584738251894,34.7731070482852,94.7782206689878,163.56300029171,231.555445252377,291.573367202303,341.40538173312,6.11584738251894,34.6586049728592,91.7435602377462,152.853685168053,208.445205566245,251.3705114934,280.13239908805
"Paraguay",3.02306457799742,11.712426219512,26.9311413723978,44.6913583495261,63.829587632572,84.8651971968736,107.43713509585,3.08173045485961,12.8116670965592,31.6446853408776,55.9701957120078,85.8757959908311,123.693893925758,170.855957101836,3.08173045485961,12.7644535988489,30.4491530985579,51.6411910976231,74.9528110517216,100.410916666774,128.204308404882
"Peru",0.945878134225993,8.81669933513613,21.956719174827,41.3070224673455,69.3799174770024,108.366782971679,156.240570198949,0.945878134225993,10.2535504461875,27.8313423874615,55.331601395181,97.6615448222033,160.034842092512,240.010758895035,0.945878134225993,10.1944720874089,26.5023952940164,50.7972405543639,86.963636424356,138.881922925049,204.297435692292
"Philippines",2.58149549909303,12.0538230246518,29.5638427931736,49.9613342781077,72.1707144848614,93.4602300365008,114.451564279066,2.72649113212962,14.3781662089184,38.0307492112391,67.9262278853401,103.817430523759,143.775031111843,189.099834689608,2.72649113212962,14.3076065065405,36.5538489511864,62.7225258869698,91.6253712800845,120.074342815473,149.400506846775
"Poland",0.118875066913938,0.743116719088049,2.45907716387213,5.216179290043,9.02847595015066,16.0928041522427,26.7287223991362,0.121294096599285,0.80483514147047,2.80344677667437,6.25523556866756,11.6197856369626,22.4357227962798,39.8711123831037,0.121294096599285,0.803024953942466,2.73629366744616,5.90508322277125,10.2962637348113,18.2354944979847,30.0046809175208
"Portugal",0.0724762774285801,0.394140475194154,1.26539964607172,2.82972332852542,5.05516012521866,8.03034559294018,12.7008848526853,0.0740768683358732,0.436463311735281,1.51403253031665,3.62358839118756,7.03116926139191,12.4183294321164,21.7729229012116,0.0740768683358732,0.435034027053791,1.45954548798382,3.35475026786984,6.15083055013846,9.99009466848333,15.9186233140431
"Puerto Rico",0.496263833894338,2.40657325478197,5.73156520551963,9.54189289777565,14.2385237550234,18.5583373194339,23.047900213277,0.501578065402346,2.51997567402766,6.33022612864812,11.3950348557267,18.807729302231,28.3438145655696,41.4410624912845,0.501578065402346,2.51563258747045,6.20668032090153,10.7663283728569,16.4933274161275,21.7972970768262,27.1627127786691
"Qatar",0.243493832595475,2.02855663262221,5.83133822086048,10.9801530951855,19.5896702598884,32.8841505721054,50.0118976843846,0.247591463644312,2.19108829181239,6.73742722350111,13.4656792064668,25.7503407659672,46.7016640619258,75.5664468166542,0.247591463644312,2.18784021752181,6.55801752854505,12.5282994549396,22.4824329848756,37.8109389949974,57.5766718773105
"Republic of Korea",0.0132567264856007,0.12365578874308,0.624852435944861,2.08151621076749,4.86010074507336,8.68994549240765,14.8138536723765,0.0135528485094689,0.13754531497882,0.733240238812469,2.59938330978162,6.60168180665501,13.163072963207,24.7688114186171,0.0135528485094689,0.13733342049668,0.718360773487192,2.47857961964645,5.9706885558914,10.939005227722,18.830363028739
"Reunion",0.335220722718005,1.62159126763296,4.42710955630405,8.37843647818422,13.7450002994876,20.8215133995546,29.1437462048763,0.340671407901675,1.73820020914427,5.0093155738526,9.95372386361112,17.4925683891969,29.085309157385,44.7746358688594,0.340671407901675,1.73402032872329,4.88122389034523,9.40756119018002,15.6942032171121,24.1681949701136,34.3540717899026
"Romania",0.580701259304816,2.54703825104272,6.95927720692141,13.2897865013577,21.1527767085848,28.9648398408478,37.3807317719588,0.595643504702103,2.80779936787502,8.08721491191802,16.1319874275933,27.1785870897408,40.7636295689167,59.3904620284973,0.595643504702103,2.79878645646851,7.86796800060137,15.2346442547654,24.5645677834796,34.2811047881726,45.7254433781831
"Russian Federation",0.40789227534065,2.45823416875398,7.04318928534477,13.307896426367,20.749103934281,28.0214918757245,33.9471778021498,0.419213363562706,2.7401378377145,8.45955655247773,16.9452874729719,28.2857059950376,42.8410010407204,61.9270200943031,0.419213363562706,2.73166162779119,8.17448347285279,15.7065655034945,24.6496935625145,33.3797334749539,40.4232402453855
"Rwanda",1.39061715329487,22.9755197085168,74.1007616835994,155.316614742447,248.39571084378,338.203013263834,400.401006539483,1.39061715329487,26.7711024188294,93.6469110188572,212.268179611131,350.303253877848,499.330076430226,612.539082050342,1.39061715329487,26.6928104966093,91.171972217568,202.266886977788,327.060219794859,470.981099038211,573.681331997039
"Saint Lucia",1.28745184839951,5.15118564138155,11.3327830777054,17.8022780152721,25.3039001826207,35.3000270767567,47.3498620634816,1.32825184970878,5.66086765839737,13.0278867728525,21.6483346524589,33.5341102215221,52.6053361461022,79.9825131289582,1.32825184970878,5.63616331541561,12.572657707364,19.9990665477133,28.7450946999626,40.5701281171167,55.1383638508143
"Saint Vincent and the Grenadines",1.80359580516407,7.71320256881065,18.2356843413754,29.15452239161,37.8908143454499,44.645685553542,52.0698400487782,1.82060257983215,8.08771475223793,20.1831896498154,34.3768639552715,49.017362450322,65.9271243134402,88.7751867977715,1.82060257983215,8.06562038377846,19.5270150801103,31.7813817942399,42.0341737290036,50.4697887147036,60.0331326987592
"Samoa",1.03920830028737,7.07187001823256,21.9750893445568,41.8957176168563,61.9656005702531,77.6922947054556,89.0199657643676,1.06398109906433,7.78560297705942,25.733424705586,51.6167668848297,80.6202883216816,107.533764452,133.42587101082,1.06398109906433,7.77100985773361,25.1517695394245,48.9501104842173,73.1546783087149,92.2007750209519,106.112893664347
"Sao Tome and Principe",6.29093766526997,28.5388192506626,70.8244674076531,123.533244794614,184.211623002284,244.83323850338,291.738385101672,6.49648774216236,32.2057030355961,85.7392132711137,156.971923870526,243.975056862907,337.526590876771,418.807584100411,6.49648774216236,32.0966963803542,83.281628967131,148.461819990827,224.968575426369,303.042034442658,364.708281038329
"Saudi Arabia",0.188568703254105,1.5195903928916,6.75566111094645,18.0326686580965,35.0071996525939,60.8434576440665,99.5680161726762,0.190167190163794,1.61093724610519,7.6950731412012,22.3321200551305,47.7423286511014,89.6683251886264,153.060057261152,0.190167190163794,1.60623465777729,7.34848127612899,20.0614374197291,39.583675175231,69.779034012769,116.51272364233
"Senegal",5.92635309421073,27.4122121913218,69.674344001939,123.128742709877,179.471260784492,232.133861869139,276.057099572437,6.2396143822742,33.3748913920913,95.8798193402836,187.408104889807,300.152850584776,414.966222109676,509.661364642533,6.2396143822742,33.1990436502767,91.871200679596,173.941733377147,271.702314163547,367.726624856594,443.686572991909
"Serbia",0.221907311228852,1.27777605617355,4.01764706404761,8.59001189299095,15.7075816908877,24.2066495686442,33.6509733167373,0.225876962973181,1.37540272972355,4.56268231909425,10.2385514188796,19.6593068663706,32.4282920977964,48.6877461300712,0.225876962973181,1.3724374082198,4.45204090768725,9.66476514410853,17.8184443611013,27.8254081192117,38.971512825989
"Seychelles",1.56556552830167,6.25840820588689,13.7428360659099,20.7414972919572,25.6213216971897,29.185527660254,32.6084445212648,1.61566291310372,6.95739804990089,16.1482902127784,25.8551599634907,34.9354806384928,45.618580757054,59.9444948475204,1.61566291310372,6.92770942049378,15.5506511914187,23.7527643169445,29.5388895806824,33.7266770962863,37.6780045420603
"Sierra Leone",12.4031319389361,105.168145741835,221.256269420513,316.876206648588,378.244364713625,415.467936998701,436.225871572722,12.4031319389361,130.259724358847,299.145100519469,441.724991736366,529.984393480896,576.629676010542,594.910463247644,12.4031319389361,129.478892303687,286.949820083649,413.826600355623,489.405486977932,528.180449631576,543.846271036473
"Singapore",0.0188580259066662,0.129354367404985,0.575038908015381,1.50739281274808,2.73840010207671,4.15811420133779,6.06349283576727,0.0193742007629955,0.144878879822963,0.681230694164449,1.92237806814105,3.8552217490642,6.6692287790937,11.0960905145498,0.0193742007629955,0.14450872094715,0.662823665964407,1.79431264437427,3.35130200062895,5.20835928553721,7.66885980833043
"Slovakia",0.266383616436762,1.09094114881844,2.93621867495705,5.86540870937272,9.82337508336851,15.1679516495476,21.6115071941159,0.273812749203801,1.21472317986833,3.47236080509253,7.35544427368402,13.3590347013174,22.8383149185435,35.826437516335,0.273812749203801,1.21069926193511,3.36986133633042,6.8817737798698,11.7024984876233,18.0724199556867,25.4521962846795
"Slovenia",0.029262747600491,0.258487136144129,1.07132861572181,2.62442185437512,4.7257198205914,7.44419511895129,11.384625561414,0.0297893446615282,0.284841843466802,1.25919383515308,3.28099201214295,6.41676574034371,11.406566949507,19.9542099342529,0.0297893446615282,0.284430670992855,1.23068396982323,3.09911125844333,5.66473802653543,8.9456202129985,13.5546614214884
"Somalia",17.7336237691428,80.1617887106479,188.629181629313,286.937744658175,351.502074489608,394.083767067752,421.047956240381,19.4425293884591,108.481334003434,281.893886053994,441.588054567732,544.873807032545,604.544756809896,638.10371299522,19.4425293884591,107.706365204003,268.283500766785,408.293991498548,493.975512316829,543.517603397041,571.748177169255
"South Africa",4.37263249888305,18.0407904607449,44.2347751034354,72.863939397364,92.4796089017637,101.054332564228,107.688507458071,4.56576128461001,21.1574496905134,56.8704742183199,101.800106067741,141.108834772473,170.18045492351,204.028835693212,4.56576128461001,21.0580599932119,54.9174696434033,94.8733071113734,124.643291196464,138.569985962544,148.151519038687
"South Sudan",10.8269513679452,53.3914528820033,137.01007582517,229.972568514756,301.047498225558,351.899735050719,395.177438427927,11.6056491818942,68.2829703918717,196.337577526291,348.038855359793,467.472127284476,547.093702062894,599.476006212685,11.6056491818942,67.8181922735584,186.022485477199,318.66202211049,418.905727884975,485.254312011776,532.599345715485
"Spain",0.0520386372797879,0.291030432037125,0.958630102117402,2.07976694452311,3.6374724615623,5.47709947640201,7.85238948107094,0.0534276291046553,0.323712016030437,1.13678885081263,2.57142051356556,4.71225213248001,7.69984461640072,12.435853833359,0.0534276291046553,0.322624663367409,1.10077650888868,2.42369058431072,4.29773009923371,6.57560249630321,9.52606272294504
"Sri Lanka",0.442148874026286,2.56456334742905,7.70849716710022,15.150288879554,22.8283830906403,29.6696568386995,38.6878039729134,0.447650947894794,2.72197533381787,8.68895127447626,18.2697313422,30.0534920159664,43.6696530539916,64.1874411141541,0.447650947894794,2.71552660029218,8.40964724658576,16.8535813980399,25.9889057830764,34.8950989259729,47.1198478714484
"Sudan",7.4632517770193,35.1963381040412,89.8402054043696,151.755131667962,205.76114024335,248.793860976993,280.480962521354,7.99323845571994,45.151567129986,129.89677913621,234.010016473546,331.155287756333,413.931849371624,481.232055085233,7.99323845571994,44.8266834311035,122.855061999775,212.589106755803,291.173027340658,353.764030978719,400.245193558864
"Suriname",2.61045285769755,11.0731634914986,26.9150988462324,46.3458706689442,66.9048599788641,86.0992763179175,103.139381188517,2.64462909124791,11.7520883197082,30.2305989703423,54.8692148174604,83.4569393486209,114.340072068026,148.258099120351,2.64462909124791,11.714757264792,29.1497534762627,50.8227142987295,74.0677882561598,96.18698695225,116.323391198075
"Sweden",0.038864462393361,0.31832488511498,1.18597870150788,2.70115790527506,4.49851619362439,6.33892536589775,8.41907471861115,0.0395663068348236,0.346705511444342,1.37732975105453,3.33446382261767,5.99793348551592,9.54162688059412,14.7636894412142,0.0395663068348236,0.34620986857071,1.3461911352468,3.1570119586555,5.36659683469227,7.63247759877046,10.0841003791312
"Switzerland",0.039319267546243,0.342049569612329,1.36479909211906,3.29075175388314,5.6869167393808,7.65075654005482,9.1787887795405,0.0397644473102579,0.36174883042856,1.50057162740505,3.77636972849773,6.95160744790958,10.3781105783017,14.4359750445582,0.0397644473102579,0.361404889226169,1.47783488007921,3.63688362551157,6.43116780074801,8.89734833220357,10.9753060602221
"Syrian Arab Republic",1.68997760371698,8.53339315186486,21.3413080284664,36.666589629705,53.4236938581719,71.1767547171851,93.0776432796855,1.72163377276872,9.23672906912457,24.6529609145656,44.9824505505384,72.6904098837433,110.818613591849,164.689075098065,1.72163377276872,9.21277299350149,23.8704082911179,41.6311921838836,61.3076043019307,82.4210863809697,108.979011872793
"Taiwan",0.0418774673404903,0.28784445370281,1.26345776468106,3.49585723739712,6.71024263715467,9.59208180748149,11.5395947814761,0.0430814960491985,0.324058212101407,1.52133832560362,4.5195535066343,9.5225726281427,15.8809603512755,24.0087187204287,0.0430814960491985,0.323197332094876,1.47520160365589,4.21112062540072,8.32154802222096,12.4241835219853,15.8556737230359
"Tajikistan",4.66398353464704,28.8619966833861,67.8119440616005,102.624980367057,148.493991426433,207.200739680527,258.845492108998,4.71937317206401,30.1965749459042,74.3278839783486,119.959319987525,186.016920549565,276.757417212188,365.662135780319,4.71937317206401,30.1747948972508,73.6639032035311,116.982473778197,177.213164805207,256.765107020538,328.315592122476
"Tanzania",5.4643039453656,48.6219848181869,109.440025235479,174.954590174391,241.110961450002,294.175779386258,326.764727228545,5.4643039453656,59.565074827632,148.843874148254,251.507559747677,357.679013259064,446.626126622875,504.44172256933,5.4643039453656,59.2135030919942,142.029298251654,231.719138735524,322.366834286379,395.147586941753,438.083499638694
"Thailand",0.889067315349218,3.50511552227865,8.13431214521424,14.6792511318378,22.7810580810646,31.938101310486,43.4986423652246,0.906988269963404,3.81230450194417,9.44501623153806,18.4542973796126,32.0362711530714,50.6002885790471,76.0613643127705,0.906988269963404,3.79691776245971,9.03379401292445,16.5026148076072,25.8804389026753,36.6887275249271,50.7578400046585
"Timor-Leste",3.97407632542,25.4116960243332,76.4961865129243,146.845564865373,223.297779634382,299.64854533079,367.915312667966,4.10295520145938,28.7839702964766,93.0916052456429,186.246110416226,292.115012138218,401.284798010151,499.430307475292,4.10295520145938,28.7119753248038,90.7367240167344,177.552088848677,273.669652584825,371.188912415597,458.852162709569
"Togo",5.0369470965658,47.4427833768677,111.269364706105,179.272205822241,235.346245627887,280.478764738794,313.56299999983,5.0369470965658,60.8012477059813,160.199427894003,277.324614844184,383.716128406108,474.291199393671,544.539032179764,5.0369470965658,60.3817369143672,151.534220216447,251.327693504461,335.467404382239,403.198407080839,453.64623100206
"Tonga",0.64227179053239,4.74431432236753,15.6755447608588,31.5016114371859,47.3040519164073,59.406402232441,68.5379842859796,0.656214760691554,5.1684379365236,18.0095879408624,38.1046871335785,61.1262515588533,84.6240619979929,110.862230865138,0.656214760691554,5.15865280023607,17.5409546731454,35.7846663834001,54.2159098776708,68.5044629486317,79.3218064498188
"Trinidad and Tobago",1.82742519720437,9.32367507445881,23.1956639909008,36.7515400914156,47.2219285302276,52.7194271372432,59.0770567194028,1.86582602066921,10.0535324885112,26.2318352149204,43.534802797446,59.2629850883949,71.9786509609784,90.2311681810951,1.86582602066921,10.0284819709524,25.58487408988,41.0657447222324,53.1855126792303,59.6777642961915,67.0255731176507
"Tunisia",0.327811902539191,2.49356833692948,8.84050289352935,19.2628455931959,32.8076749910734,51.0468489415929,76.1315626578497,0.329436672298778,2.55145276907661,9.22039960131475,20.6360208186387,36.7736673343551,60.7842410462321,96.250056644519,0.329436672298778,2.55030397216109,9.15370429186535,20.2104531295958,35.0609265577455,55.779492643813,84.8472881468307
"Turkey",0.372683125966259,5.55165361415123,17.4329872974399,37.183737899596,65.9157780492422,105.540097287658,156.82177453339,0.372683125966259,6.8410055680821,23.9960343015271,54.6534128500293,99.821643381155,162.330463777759,244.640885768998,0.372683125966259,6.79873547409626,22.6029847284093,48.7419097962173,85.1689482687004,132.964150013123,192.929642848614
"Turkmenistan",3.42747773965338,24.419654190287,66.9153552730428,112.133398601451,149.593474876811,179.502892622194,209.959739276714,3.50346676385562,26.670799152513,77.0694610505999,134.029737690515,186.045603676482,234.080119370183,287.250537954119,3.50346676385562,26.6417131570603,76.0681297632717,130.113719339176,176.24678627427,214.298641743973,253.271127843082
"Uganda",14.3105061426464,62.3047333480408,145.639554965123,227.967060423135,297.157157085945,345.173265824505,367.375304534212,15.0924223266876,75.5191137118429,194.64247115988,323.24992002814,437.612992787843,518.751222522792,555.263301285622,15.0924223266876,75.1437877199903,187.569669343937,302.288268689987,399.332190351895,464.483482141064,489.866286134196
"Ukraine",0.48242856388019,2.71478778972058,7.73262459897102,13.6012163336529,19.1406381308246,23.5306537274474,27.2734785739498,0.493883616006451,2.97529901356741,9.03270289841786,16.9572040638641,26.1144865315086,36.6482487881603,51.2052689439626,0.493883616006451,2.96714269409002,8.77309280472618,15.8146172147002,22.8228041942783,28.6588756485202,33.638206303465
"United Arab Emirates",0.194053284181768,1.49435362632847,5.13762285816588,10.3183517245518,16.002160272301,22.7335447262007,34.6077909297403,0.197846116018444,1.62554560652185,5.94886291575976,12.5877076177142,21.2112902626907,34.0927426679041,57.9901128881561,0.197846116018444,1.62130703198266,5.76822685624154,11.7440623643587,18.3364178234802,26.1012751455439,39.6803392779875
"United Kingdom",0.153250270199674,0.896275428472036,2.7596637958493,5.32878282684157,8.04109133706623,10.3285148615037,12.5632870727898,0.156334152784414,0.973552279254441,3.1658794263307,6.39572377346607,10.2422047170528,14.4451628298615,19.9333218627293,0.156334152784414,0.971175786028403,3.08766969734974,6.05709221448577,9.25233071565151,12.0311816423133,14.7566942377396
"United States",0.335313397070409,1.80730547487475,5.13245519045888,9.26141604745122,13.1921718215416,16.1632124399447,18.0574952556066,0.342797841750497,1.97762751672352,5.96509233547299,11.3513742404493,17.5743430497939,24.7665757133675,32.9624797345785,0.342797841750497,1.97187394938301,5.79451008609652,10.6265345703028,15.3206949948149,18.9854732828098,21.392700367773
"Uruguay",1.18240044737836,4.4012732269812,9.65384967404619,16.4027513520962,23.9932252623672,32.4931576440232,40.7378969036681,1.21516469298041,4.90020256035056,11.4333508972831,20.4093716192561,31.7607343791694,46.0548087469836,62.0731361235133,1.21516469298041,4.88089777269529,11.0466340826024,19.030355106475,28.1165704277814,38.0640724850541,47.4901823171244
"Uzbekistan",1.76778527460251,14.310047978661,42.4303770152481,75.8428253253158,113.562978938655,151.629016606153,180.489708437588,1.81137781086279,15.8075006743166,49.7012223747182,91.3543144568949,141.776573388809,199.041638379537,248.709356335323,1.81137781086279,15.7905048991834,48.9108753491085,88.1071848685222,133.548979829,181.884946629006,219.625442323495
"Vanuatu",3.00503264960008,16.3962779610819,40.9051296197204,64.7376646676675,84.34356906332,99.9360040080062,113.351655017376,3.08059265709659,18.0645171911367,48.1759026203578,80.2640752771872,110.510967379269,140.349177094344,171.796922824124,3.08059265709659,18.0234674844552,46.9557315883172,75.589582774054,99.3968037065008,118.598178200751,134.863577260072
"Venezuela",3.74180510439875,11.201017731093,20.779897092822,30.1088886601367,39.8168190575583,50.072894536595,62.1272583943133,3.86628586739612,12.5987819861832,24.5753549767243,37.4129171797681,54.1387348948745,77.9460757552166,111.601840179572,3.86628586739612,12.5430013512157,23.80415746829,34.7638806123148,46.2377677981302,58.5327562483756,73.1526084973981
"Vietnam",1.42577294268225,7.45788686399148,18.5797457905172,30.6353469365877,41.8424692783117,55.3425942691853,72.2598752204571,1.47253525265989,8.44282354315077,22.8143238777935,40.2126863428447,59.0795526440543,85.2484243922221,121.936394894853,1.47253525265989,8.41575170083388,22.0349512964611,37.1514738965998,51.5375533461829,69.3904946068085,92.730852205282
"Virgin Islands, U.S.",0.76010487333663,4.23429133635314,11.15559545391,18.0694275797682,24.517616970064,30.2297972447492,37.8466508516864,0.776350687147524,4.60318483957515,12.7979837321012,21.7203859905697,30.9663081244653,40.5751500523159,54.3862330109731,0.776350687147524,4.59169373861126,12.4827930689288,20.5353661780483,28.0934222003186,34.7851971085419,43.6826139295903
"Western Sahara",1.92806268682359,10.6622727535065,30.493364254749,59.1058069368349,95.3198942401789,138.57499852644,185.658706348187,1.98317228637463,11.8981911877402,36.4118532766361,74.7420941852806,127.744387219525,196.819747336785,277.012742831383,1.98317228637463,11.8668712228099,35.5175536237507,71.0147047620928,117.764879019663,175.47567468271,239.207616465605
"Yemen ",2.96957996396336,33.5139428521353,86.5662399672053,158.549565523506,245.4426366505,328.258845194914,396.364170278361,2.96957996396336,38.8116767208646,108.702069422198,210.170785334131,338.040634076395,461.106143762337,557.858458397008,2.96957996396336,38.6650595402651,105.33728481198,198.180224920478,311.011360154168,416.04991951278,498.145521956271
"Zambia",6.99137180080739,59.8617456258561,135.623202492558,218.319719753613,286.047651852719,323.385569201664,331.288390234879,6.99137180080739,73.2537829499068,183.742475942237,313.759199226304,424.042126457455,484.661103824019,501.337598664072,6.99137180080739,72.8592043680521,176.6635598888,293.404085718346,388.715437725205,436.891239268979,443.038377777671
"Zimbabwe",4.62633472772479,45.5696070762543,99.19852147768,138.15366554136,155.487772448854,151.87951952509,138.713517923208,4.62633472772479,55.2185370385255,135.842200130309,206.478012831746,247.897503351698,258.347795753943,257.928335792064,4.62633472772479,54.9646127078123,130.748224403708,190.362844893403,217.734282114026,213.498666612067,194.156202348703
