"country","mim15-19kc","mim20-24kc","mim25-29kc","mim30-34kc","mim35-39kc","mim40-44kc","mim45-49kc","mom15-19kc","mom20-24kc","mom25-29kc","mom30-34kc","mom35-39kc","mom40-44kc","mom45-49kc","mum15-19kc","mum20-24kc","mum25-29kc","mum30-34kc","mum35-39kc","mum40-44kc","mum45-49kc","mim20-44kc_old","mim45-49kc_old","mom45-49kc_old","mum20-44kc_old","mum45-49kc_old"
"Afghanistan",64.679605705988,101.685300879027,171.076357886215,255.603776417591,336.590631198069,398.317458622824,439.495348081768,69.2760131196381,123.913362759831,224.07688941168,346.940737315973,464.31729541654,551.995440986482,607.050251213665,69.2760131196381,122.407239160996,215.167506246176,325.463366451589,427.818587057873,502.13910068462,548.25088654578,252.654705000745,439.495348081768,607.050251213665,318.599159920251,548.25088654578
"Albania",8.46513786099329,10.6856665055575,16.6060702631156,26.0437469930076,39.4815101207817,56.0608705628183,74.2629922720323,9.397684580263,13.4862083890901,21.7615452553276,33.9685406804124,52.2036286839939,76.5589881539625,105.571061682922,9.397684580263,13.3492712493403,20.9037418111888,31.6252518907021,46.8603473501086,65.9729674013641,87.5071786979122,29.7755728890561,74.2629922720323,105.571061682922,35.7423159405408,87.5071786979122
"Algeria",23.8627039508959,29.0726214362551,39.5487533487218,54.3669092506243,73.0340734773477,97.1995047569716,130.160133657324,24.4114625221887,31.4549330361254,44.7240960028072,64.1622570059643,90.7943205645147,128.454846800863,182.675775939825,24.4114625221887,31.3307412342437,43.8270448448572,61.4792211158024,84.3687308326314,114.833690932432,156.912876723083,58.6443724539841,130.160133657324,182.675775939825,67.1678857919934,156.912876723083
"Angola",90.7876951705792,151.806472514992,250.11641814632,355.031229128377,440.814898557144,494.8188452856,515.762999117642,97.8152974757659,186.256163415504,327.074955828406,476.674609980538,595.212146099257,664.738438022625,688.255757467689,97.8152974757659,183.84003079301,314.553160339348,450.676340593609,556.553776437608,616.914571225323,635.009536147409,338.517572726487,515.762999117642,688.255757467689,424.50757587778,635.009536147409
"Antigua and Barbuda",6.38117620673868,8.59508734422522,12.518390558031,18.0982216024049,25.2359633446343,34.5027347917382,46.5399409547091,6.85800786427945,10.4147838254946,15.9973712920183,23.9007588002044,34.5507794970428,49.063097610445,68.3653513875056,6.85800786427945,10.2700124374207,15.2065537394071,21.7384080885143,29.5780821992101,39.2609257303468,51.5096229857285,19.7900795282067,46.5399409547091,68.3653513875056,23.2107964389798,51.5096229857285
"Argentina",12.2246008705625,15.9173738411241,21.749128299076,29.6157708198548,39.3621878918538,50.2805471752604,61.9521258810046,12.6504981180659,17.6834690083924,25.4422525427038,36.3241486092229,51.3788901776978,70.9803044565265,94.8054032044591,12.6504981180659,17.5350499122715,24.5860294376378,33.8610266223304,45.3316206838011,58.2256765278357,72.0203587467889,31.3850016054338,61.9521258810046,94.8054032044591,35.9078806367753,72.0203587467889
"Armenia",12.184858171549,16.9001231654044,27.5668926493519,42.0216097345829,59.2454141248256,80.1036091892096,99.1913889529717,12.7025015401391,19.1367418761395,32.3813297078512,49.9215328984537,72.1014228277258,102.108105562133,132.404959635399,12.7025015401391,19.0184200993973,31.5527735770255,47.5610266126676,66.7042998805914,91.6130680000498,115.379896554211,45.1675297726748,99.1913889529717,132.404959635399,51.2899176339463,115.379896554211
"Aruba",14.9588609366724,18.0040700477433,23.6613688272452,30.5996889750205,36.3168259984323,39.9796249634117,43.2870493995283,15.4141876791698,19.8254752472292,27.4322377679628,37.2328286553982,46.8306433535755,55.5811318049903,65.8074871376747,15.4141876791698,19.6818406252893,26.5781276362667,34.9240497260139,41.9484945460055,46.5910520982404,50.7234159886392,29.7123157623706,43.2870493995283,65.8074871376747,33.9447129263631,50.7234159886392
"Australia",3.42538960877363,3.99559094655482,5.15477614997088,6.99047522316098,9.3560098578312,11.7562777529525,14.3557168981907,3.53416616059112,4.43414228343004,6.03260959702361,8.59890549460014,12.3940785125042,17.3785974019224,24.3930963251767,3.53416616059112,4.39886116914778,5.83601133864011,8.05600357965379,10.9881498205879,14.0474449948904,17.3286611441507,7.45062598609409,14.3557168981907,24.3930963251767,8.66529418058399,17.3286611441507
"Austria",3.35373351123654,3.67852748176596,4.52819183631758,5.93417358504178,7.67432269907737,9.78019664013008,12.6217484060376,3.45232695587147,4.06991563804455,5.3131148924658,7.39509780524751,10.4616345051227,15.1607214403232,22.4039191822664,3.45232695587147,4.04288016294355,5.14762262022819,6.89018007446757,9.06990611718676,11.6941473517874,15.0885010645767,6.31908244846655,12.6217484060376,22.4039191822664,7.36894726532269,15.0885010645767
"Azerbaijan",28.5442918435942,41.7174557004147,61.3566958031523,84.815766809947,113.64640458644,150.436040008582,187.974013096192,29.4324143668922,45.4793155118182,70.2219707073357,101.565224868249,141.869098173437,193.399901547454,248.913202156119,29.4324143668922,45.2387160586358,68.6309870716941,97.3727496134898,133.552988367155,178.983934351914,226.797105959599,90.3944725817071,187.974013096192,248.913202156119,104.755875092578,226.797105959599
"Bahamas",7.19003822126249,9.76653629414004,14.0073372202157,18.9836041821018,25.3399657617484,33.4116939788623,42.1123216026365,7.44764648567308,10.9876812090756,17.0901671577434,25.2856943962612,37.9188428062093,56.9615548651442,81.9471758875731,7.44764648567308,10.8543982102956,16.131641334481,22.236090332521,29.921229153427,39.591157040709,50.1180748135868,20.3018274874136,42.1123216026365,81.9471758875731,23.7469032142867,50.1180748135868
"Bahrain",6.65476248264691,8.14882395176613,11.0454860879356,15.5023480578611,21.7336496440543,29.948732080561,41.8033671285632,6.93488791711768,9.38456679578694,13.9252517726022,20.9598576454987,31.1232627401224,45.5024349500519,67.0844236571718,6.93488791711768,9.31382062903139,13.3854871610917,19.2947697054544,27.1374459438257,37.0954229780211,50.8863169506988,17.2758079644356,41.8033671285632,67.0844236571718,21.2453892834848,50.8863169506988
"Bangladesh",37.24526856736,53.9670728546715,81.9787121618959,119.04357731031,166.196758679192,224.24172394595,289.139631674029,39.1037186886242,62.8832291525605,103.984392053857,161.625127323545,237.601375812279,330.664608662378,430.519197139931,39.1037186886242,62.1384446741427,99.3473259564226,149.406350453235,214.017549457057,293.234187636802,379.818648066198,129.085568990404,289.139631674029,430.519197139931,163.628771635532,379.818648066198
"Barbados",11.4652861917794,13.9732921509386,17.6336824887733,21.5247805550762,24.7429470382559,27.2876796579122,30.0538878569446,11.9615421355823,15.9466179419719,21.5614801939979,27.9996967638516,34.6762010861617,41.9919782806736,51.5530815621561,11.9615421355823,15.7689702259097,20.5752577625751,25.4886967456837,29.5297217117353,32.6872761366259,36.069122437745,21.0324763781912,30.0538878569446,51.5530815621561,24.8099845165059,36.069122437745
"Belarus",3.15907785747907,4.20625742461434,6.76956876801877,11.0917986060785,17.4508507002082,24.165315731572,29.847086949967,3.31534506614377,4.90556328385132,8.55905030249905,14.9730394873309,25.0921320787505,38.5789953918612,55.8956303061964,3.31534506614377,4.85087109613417,8.14937597673881,13.5901978268582,21.348642149848,29.4271093225855,36.1368305070093,12.7367582460984,29.847086949967,55.8956303061964,15.4732392744329,36.1368305070093
"Belgium",3.20080464877723,3.66004455930451,4.70465125357205,6.49430787684341,8.58718514772287,10.8152005541218,13.7443908693005,3.3161595715667,4.13414108031051,5.63443575453163,8.25776223266664,11.7756822104584,16.394519045522,23.4549275722669,3.3161595715667,4.10409681780405,5.45896966126711,7.73515534042638,10.405359837793,13.1396195175962,16.4836745148927,6.85227787831292,13.7443908693005,23.4549275722669,8.16864023497735,16.4836745148927
"Belize",15.4931978303369,21.2500344866608,30.9222795649306,43.7496529389584,59.9792404077209,80.9131442962715,105.109805456854,16.0062476449858,23.5499571182744,36.4667690124182,55.571700921739,84.279729049693,127.47647709305,183.606574113549,16.0062476449858,23.3273238099774,34.8878613353578,50.0880509306209,69.3201708931047,94.7058035406048,124.76772563528,47.3628703389084,105.109805456854,183.606574113549,54.4658421019331,124.76772563528
"Benin",75.6153493727674,108.513819919754,171.018111509419,240.101257392721,298.889402381907,345.036837497857,379.6830095035,87.124452886413,146.448831579726,252.908481614846,369.981523315009,470.848593675589,550.107605867303,605.92245870403,87.124452886413,143.877474035095,238.713231481948,338.890783790668,421.548022979349,483.913520121965,527.528304602963,232.711885740332,379.6830095035,605.92245870403,325.388606481805,527.528304602963
"Bhutan",28.7557525555544,38.2918878220816,59.1500988043679,91.0661554600633,130.448676256789,176.451258634884,227.160683506092,29.8383884829048,43.5067190263088,72.9582970601957,120.495522493691,191.45874633416,286.259507663777,387.491992387075,29.8383884829048,43.0569666154013,69.724454862068,111.039244227769,170.277270600044,246.100623101866,325.72777000978,99.0816153956371,227.160683506092,387.491992387075,128.03971188143,325.72777000978
"Bolivia",34.2320537489425,46.8573902624735,70.9282168841021,104.544785957738,147.538321550271,197.19072503745,248.787071324716,39.334994018856,68.1010398296884,115.382027018281,178.488335363176,257.562230387058,347.30301746228,436.21975444565,39.334994018856,66.6940157607906,108.10260879287,161.700259142108,227.238102444327,300.124949804027,372.165883039438,113.411887938407,248.787071324716,436.21975444565,172.771987188825,372.165883039438
"Bosnia & Herzegovina",6.53301788113351,7.73140966537364,10.3970965678357,14.0992568032413,18.589324123574,25.0645816184325,32.1369600186443,6.67804941223768,8.31688966099134,11.7277715101935,16.9738936316764,24.1891999803913,34.7620319602039,48.1515647291441,6.67804941223768,8.28066280773383,11.4787095895016,16.0337995679565,21.5170969734423,29.0335091453358,37.3909939005783,15.1763337556914,32.1369600186443,48.1515647291441,17.268755616794,37.3909939005783
"Botswana",35.7806388737695,48.980464934238,74.3466437887327,106.636653970698,130.965301619622,134.647432446378,125.192520495609,37.6214289231609,56.9137461980546,93.2317037764083,144.320496975571,192.44206538183,218.244652458791,231.751379641062,37.6214289231609,56.4973587389807,90.6057361402226,136.235834223489,173.850337992012,183.701905984611,173.256726624781,99.1152993519338,125.192520495609,231.751379641062,128.178234615863,173.256726624781
"Brazil",15.7510156428489,20.6613133115186,29.5403798667443,42.9198025663231,59.5943138691493,79.5381412813427,104.868176390703,16.3293067719137,23.1041524048139,35.068588813611,53.8926117911311,79.6776063268915,113.151617559498,156.454180681974,16.3293067719137,22.8936443350264,33.8490364070054,50.2085144123103,70.3890156071053,94.024757147735,123.626338229584,46.4507901790156,104.868176390703,156.454180681974,54.2729935818365,123.626338229584
"Brunei Darussalam",8.6470648593598,9.93944261423428,12.8040728731882,17.1153069749357,21.3044000496328,25.0204462978248,29.2684997607849,9.00966616697116,11.2565266419524,15.343138338859,21.9089039614444,29.983999648002,40.6875836089626,56.5698218219514,9.00966616697116,11.1544021315698,14.7347903447074,20.053052210441,25.3144062738534,30.1564982083077,35.7859221525895,17.2367337619632,29.2684997607849,56.5698218219514,20.2826298337759,35.7859221525895
"Bulgaria",7.87778132112475,9.87828847694342,12.9964526347418,17.502205058418,22.73809849559,27.4442789497797,30.4524334759523,8.18907862773948,11.151967450944,15.5886809968662,22.2512132390249,31.4903692226306,43.0784174422792,55.7122558152873,8.18907862773948,11.0404227112054,14.9610362505857,20.4829718409897,27.1886255826356,33.6621511996578,38.0643052969176,18.1118647230946,30.4524334759523,55.7122558152873,21.4670415170148,38.0643052969176
"Burkina Faso",88.6467327111871,138.458953264057,216.053042697138,294.074431133725,358.537288009073,407.271802584738,438.430434057518,101.865706882668,201.78023987367,351.505952811239,491.652218484719,595.370425661396,662.282001499074,694.324884184037,101.865706882668,198.26531499879,333.872625643345,457.825069764148,549.155661674155,608.181552790339,636.935348583891,282.879103537746,438.430434057518,694.324884184037,429.460044974155,636.935348583891
"Burundi",51.6411029391145,75.7717070248667,129.627084822743,203.215276792347,278.380207631273,340.937928405431,381.30329997458,56.8494629903506,96.0425850061582,186.452923332516,313.885053554293,439.351749778725,534.663845868247,591.606237618941,56.8494629903506,94.2493362402341,173.293889978572,280.248787487915,386.256341002816,469.006473511417,517.632416779311,205.586440935332,381.30329997458,591.606237618941,280.610965644191,517.632416779311
"Cambodia",32.1223897127118,47.8163724535321,78.9651287504077,124.216450504629,179.314878428866,232.228678198738,285.196662538835,32.6860067961094,51.9199502736925,93.8363274846377,161.124326517375,252.507064130478,348.744533095949,437.079830796024,32.6860067961094,51.2430277187221,88.3471421743546,145.179380648849,219.427872263722,292.123440580832,356.806949708774,132.508301667235,285.196662538835,437.079830796024,159.264172677296,356.806949708774
"Cameroon",90.5891463097651,136.526780953721,210.909902497939,288.299107833104,343.890942224771,374.955009770774,386.327127274173,100.416019319363,179.975662926341,300.315010861463,422.953225508859,513.280116374761,567.183592426867,593.450407034833,100.416019319363,176.802844585816,284.532588083995,391.240163416187,464.776625901822,502.220339212644,513.398814675417,270.916348656062,386.327127274173,593.450407034833,363.914512240093,513.398814675417
"Canada",4.68134254769035,5.14485116269838,6.2806151719341,8.09477747879468,10.1475102793544,11.8129752179225,13.1488962594829,4.78604601726322,5.54767305001665,7.05467508813667,9.55028387538239,13.0305130177643,17.3639756713689,22.9667498443919,4.78604601726322,5.51803082183123,6.88936604631106,9.0407947210403,11.5532446708291,13.7085312168791,15.5224858083773,8.29614586214081,13.1488962594829,22.9667498443919,9.34199349537814,15.5224858083773
"Cape Verde",21.0477674592461,28.5825200584349,39.4595015847818,53.5413849648487,75.8145564715081,107.633036317839,145.463425725809,22.0168670062504,32.7893201010926,48.3292589063183,68.9724233530726,102.373966913314,153.164706446785,217.130432405146,22.0168670062504,32.4310964300793,46.316107559681,63.6686742688209,90.812772100818,130.485401444396,178.294508086144,61.0061998794825,145.463425725809,217.130432405146,72.7428103607591,178.294508086144
"Central African Republic",103.293486994923,150.34507429805,215.517859283392,273.167974326225,310.282521662448,323.590341861284,321.238237944617,115.593623315699,203.662227641412,320.572115115924,422.516864120442,487.229025269667,512.901975730896,515.324918582553,115.593623315699,200.026652888399,302.467705906994,386.638318402829,435.839010237711,448.925640192571,440.413986870718,254.58075428628,321.238237944617,515.324918582553,354.779465525701,440.413986870718
"Chad",101.632634943328,163.601005442748,256.679141153732,344.321777759864,404.118178312942,434.522112188064,443.870609826286,116.160393052143,229.474523347965,388.706327112665,526.246449776272,607.462216555169,640.810670841414,648.207905098087,116.160393052143,224.392175804987,364.149194055416,481.322967644778,550.40693842431,578.200686190811,581.555419550872,320.64844297147,443.870609826286,648.207905098087,439.69439242406,581.555419550872
"Chile",7.47862939101996,8.96186746416073,11.1819250961612,14.3739422695374,19.2219226930504,25.5286671892052,33.37016366986,7.74743233513563,10.0737962098441,13.4455099189156,18.5033320020311,26.8308012933419,39.0000157703571,55.3798402233772,7.74743233513563,9.96893070098752,12.8684807483051,16.8896505680559,22.8703618853715,30.5462798477938,39.8791082493969,15.853664942423,33.37016366986,55.3798402233772,18.6287407501028,39.8791082493969
"China",11.1971541675294,14.6574273845323,22.499424806584,34.8773831370308,51.0022741011799,69.2030808181309,87.8008863165634,11.3996122723353,15.8120806463498,25.8168174424663,42.279869218486,65.3880252798912,93.8611032717985,126.735506595817,11.3996122723353,15.7410855585665,25.0421882137898,39.6844318123529,59.5545385583944,82.8122699308588,107.211240215893,38.4479180494916,87.8008863165634,126.735506595817,44.5669028147925,107.211240215893
"Colombia",15.391511386516,20.1350310435519,27.6514423759596,36.8750965749106,47.2800900672459,58.9409812675291,72.0801605343086,15.9341660275771,22.5932714182969,33.2039200327773,47.3012063641929,66.189142091377,92.4340458871557,127.074488160126,15.9341660275771,22.3002067069025,31.4670011368169,42.5686337838695,55.1826365603468,69.5324124882552,86.0246151122438,38.1765282658394,72.0801605343086,127.074488160126,44.2101781352382,86.0246151122438
"Comoros",68.6828030330293,96.4525214905602,143.078373553906,199.339572126622,256.647634681223,303.858123640495,346.867901229333,73.7520945308794,118.269801452408,189.405916108274,274.571627019425,363.074893469507,440.459526868163,509.705823950457,73.7520945308794,116.871417205195,181.688501062214,256.41409579999,330.78798270982,391.163447768087,443.738363720367,199.875245098561,346.867901229333,509.705823950457,255.385088909061,443.738363720367
"Congo",54.7675169152678,86.6078740739905,136.891247555113,184.039759450465,214.809760557771,229.594073661247,235.272342951715,59.5654958044803,109.775357481124,191.112814297316,274.528774891834,338.464663090209,381.878413142059,414.427399741536,59.5654958044803,107.951671061996,180.718060960479,250.150810333463,295.854406270462,317.278479950259,324.946053024234,170.388543059717,235.272342951715,414.427399741536,230.390685715332,324.946053024234
"Costa Rica",9.16390114874723,11.893020291964,15.4737526861175,19.7617217137158,25.358835387015,32.447636267646,41.1705158439554,9.6285619188209,13.7635923451924,19.2735927786656,26.414238972441,36.8517451994295,51.7214466335726,71.3681062999389,9.6285619188209,13.6029574418566,18.3547451282853,23.8586359984337,30.8638636272231,39.4396848248816,49.5586067374336,20.9869932692917,41.1705158439554,71.3681062999389,25.2239774041361,49.5586067374336
"Cote D'Ivoire",75.7340067301777,110.04842460664,164.106212011229,225.732992226763,281.915931568084,319.913748511582,339.29616978104,83.4354528409829,144.325926499243,237.018609708385,341.380164633655,434.639209292931,498.790008951473,534.428596222765,83.4354528409829,141.735971420095,223.127941974635,310.602208154684,385.832607288221,433.071674483515,453.704907422187,220.343461784859,339.29616978104,534.428596222765,298.87408066423,453.704907422187
"Croatia",4.15620950766799,4.80779993436797,6.43341865488213,8.90883129672807,11.9422131375055,15.5003448087241,20.9071305503564,4.2641841682785,5.2749518423631,7.45714539494773,10.9186410030894,15.810178270248,22.6181777710438,33.7598886759693,4.2641841682785,5.23805142062049,7.22573248526729,10.1903580062474,13.7854760249175,17.8986757296771,23.9981135574879,9.51852156644155,20.9071305503564,33.7598886759693,10.867658733346,23.9981135574879
"Cuba",5.01635992036886,6.2080812565082,7.93865264756306,9.96903813524268,12.5716587156613,15.9466267008547,20.9699558305284,5.26401057869623,7.21777527188423,10.0527527636826,13.8113623083524,19.5418958748428,28.4064002143963,41.5322807279402,5.26401057869623,7.12257776082357,9.47465741602644,12.1454130664962,15.6321353314184,20.5160010414634,27.2843368030838,10.526811491166,20.9699558305284,41.5322807279402,12.9781569232456,27.2843368030838
"Cyprus",3.97488897255783,4.45846976626865,5.50466027007752,7.38202157509357,10.3721575514218,15.1621034022159,21.7825790675454,4.08543936764649,4.91376944359289,6.38313960141549,8.98215973513211,13.2921990582507,20.5590188126864,31.2978350844994,4.08543936764649,4.89075577381697,6.23848148578948,8.55389753372378,12.1765791362862,17.8858299865761,25.6994064469262,8.5758825130155,21.7825790675454,31.2978350844994,9.94910878323851,25.6994064469262
"Czech Republic",2.44730083443629,2.76859352972151,3.50930069689543,4.86215264364715,7.24143997169294,11.7828681705967,18.1938945990823,2.54249797209856,3.13213691707485,4.22437798508547,6.29196679505762,10.4577860699474,19.2236447220115,32.6029937060202,2.54249797209856,3.10528365626325,4.06742239623481,5.77570164026086,8.72039902127498,14.0936344535862,21.4001259531989,6.03287100251074,18.1938945990823,32.6029937060202,7.15248823352401,21.4001259531989
"Democratic People's Republic of Korea",15.4468684033492,18.7333884335571,27.9581707705592,44.8027873899603,64.377260768019,88.9924121830675,108.834326153598,15.8578851230502,21.3058406340945,33.839389449724,58.2605071230522,89.6301966816391,132.206745762574,178.939951305814,15.8578851230502,21.207049863433,32.9789910104679,54.8049258476726,80.2125902549259,113.256330513662,144.941991326846,48.9728039090326,108.834326153598,178.939951305814,60.4919774980323,144.941991326846
"Democratic Republic of the Congo",89.5709012801225,139.054456594106,219.081799109621,304.146130274658,376.917544714296,423.523702380135,439.881036329313,100.604406335161,188.310648303571,321.514864866239,458.252325399822,569.629195019027,636.708662343338,661.125872153518,100.604406335161,184.97382964085,304.38435590854,423.70069911741,519.253842725444,574.253704303802,590.175356848972,292.544726614563,439.881036329313,661.125872153518,401.313286339209,590.175356848972
"Denmark",3.39514051751634,3.72261473618143,4.61511317615287,6.31133080113943,8.45313641656869,10.5659012990757,12.7433026164681,3.47733810697949,4.05019584647212,5.23185924151909,7.51710309431471,10.7969304409401,14.9746020065888,20.680806915849,3.47733810697949,4.032360520563,5.12835186172747,7.18803562705903,9.8484717523059,12.5491572172869,15.3238474207163,6.73361928582363,12.7433026164681,20.680806915849,7.74927539578845,15.3238474207163
"Djibouti",46.7831329477806,60.3352294131877,81.9313126517722,117.420229132339,165.409229463061,215.371548222936,256.958704223885,51.2508762021348,78.4066073698032,117.959286382265,180.586506500675,266.689594103051,359.931044009276,440.803097971097,51.2508762021348,77.3068347007905,111.811751038833,164.823817088028,235.010637559908,306.677180245134,364.40658985586,128.093509776659,256.958704223885,440.803097971097,179.126044126539,364.40658985586
"Dominican Republic",31.8329314294873,43.2464071468656,60.7054178181656,81.1736585673717,103.480197306515,129.544734746175,161.146602264403,32.6211824014946,46.6756801292474,67.9779947331141,94.0391034180147,125.911867144616,167.21233346475,220.126057312256,32.6211824014946,46.3353692288262,65.9832910132675,88.7090009378079,114.035385180075,143.73664596921,179.390830482939,83.6300831170186,161.146602264403,220.126057312256,91.7599384658375,179.390830482939
"Ecuador",15.9778788058288,21.6637631152053,31.3232505229439,44.3006266660628,61.7996823296778,84.741957983226,113.147526186243,16.6775568872404,24.8774941977249,38.9759170537979,59.3588456344189,89.1615272635221,131.086222646366,185.73552209636,16.6775568872404,24.5465205063112,36.8922591837488,53.5312319580301,76.0733103194682,105.476833326924,142.242021366426,48.7658561234231,113.147526186243,185.73552209636,59.3040310588964,142.242021366426
"Egypt",20.725968716308,30.2731092389527,46.581721739506,68.0307617249717,99.9939884571409,147.157981042037,211.245882376654,21.8012551434641,35.1236043476295,58.2513647190581,90.3449147754237,138.509740471678,209.911139336971,304.713927005269,21.8012551434641,34.8397462069714,56.2289580364344,84.3786915861126,125.662608952099,186.872546340534,269.216060858615,78.4075124405217,211.245882376654,304.713927005269,97.5965102244303,269.216060858615
"El Salvador",17.905591970539,24.3456806375032,34.3059207923243,46.1138749888092,61.9754816922455,86.7420136274826,124.561519689914,18.519484640454,27.0170127696545,40.331396076817,58.1519916704181,86.2762546994402,134.392526731489,211.626762141929,18.519484640454,26.7723458807084,38.737526614585,52.9191497836124,72.2290751250371,103.487867942634,156.361627891269,50.696594347673,124.561519689914,211.626762141929,58.8291930693155,156.361627891269
"Equatorial Guinea",86.2536292817106,129.353117296909,191.655851287461,256.43066351215,312.824958585628,353.811512260354,379.174399582265,95.2271955549841,169.340770302163,271.766135930287,376.457351326416,466.75415052367,532.926838419041,575.226624718753,95.2271955549841,166.357245642183,257.122985085024,346.641417128192,421.585987079417,474.497150737706,506.495827080429,248.8152205885,379.174399582265,575.226624718753,333.240957134504,506.495827080429
"Eritrea",44.8032486853257,65.7910657827021,103.38530746409,149.379479472388,198.806870331128,250.102099209576,296.445903122524,47.1799143985019,76.8576702333521,129.975203151869,198.034427803496,278.259393328008,369.358524159577,455.499024637918,47.1799143985019,76.1379153571965,125.308074234051,185.378589282337,252.549245505508,324.206292652129,387.218542775727,153.492964451977,296.445903122524,455.499024637918,192.716023406244,387.218542775727
"Estonia",2.61529007044911,3.4864274682837,5.15013194314488,8.1734174985475,13.4648076045539,21.4212916148523,30.4065266902751,2.77891928799395,4.18251920597594,6.61985447729937,11.1200147428927,19.5398819086798,33.9790254747685,54.9920948782697,2.77891928799395,4.12926482297705,6.28367110967978,10.0458271484805,16.5044011902869,26.0955925535197,36.828970580963,10.3392152258765,30.4065266902751,54.9920948782697,12.6117513649888,36.828970580963
"Eswatini",51.680606006971,77.0377669670071,119.931734348966,157.296526783892,168.685022484977,159.067574293492,151.135872026215,55.3503899259867,94.4972651221669,163.226180615181,230.628365139177,262.357230790347,265.142015509718,278.199651808953,55.3503899259867,93.4596833446132,156.946281901484,214.76269488161,234.527768100489,222.29655202355,209.883212772348,136.403724975667,151.135872026215,278.199651808953,184.398596050349,209.883212772348
"Ethiopia",46.7719001706067,71.1845482045175,120.64881777257,190.80265936791,266.131991931774,328.975117175809,375.256873260368,51.2468858286758,92.1940320018301,173.051963411232,289.237380701941,412.723047298093,510.48065207985,573.831055733117,51.2468858286758,90.6565996964173,162.897798106697,262.784378507966,367.219938984802,450.737325289101,507.036621650522,195.548626890516,375.256873260368,573.831055733117,266.859208116997,507.036621650522
"Fiji",22.139025286146,28.3973571147772,38.0462407154445,46.970973568496,54.8741225415006,63.8106600144663,72.2646096132774,22.9399016114112,31.9977224781457,46.6926417660729,63.079607990314,82.8194024606902,111.720567269721,145.929146111329,22.9399016114112,31.6699202089096,44.2304461036409,55.6078703932486,65.4301110741842,76.2636387524759,86.5085004369972,46.4198707909369,72.2646096132774,145.929146111329,54.6403973064919,86.5085004369972
"Finland",1.91132270407993,2.25625875880993,3.00573942873309,4.21756130985346,5.77292061439437,7.53361337537633,9.44305236447473,1.99350297414279,2.60046860304528,3.71374426986383,5.56650936053167,8.35863523426259,12.5925665524933,18.9747440359623,1.99350297414279,2.57748189465312,3.56141077821375,5.09202901354401,7.03776080960751,9.18101769610567,11.4233274714444,4.55721869743344,9.44305236447473,18.9747440359623,5.48994003842481,11.4233274714444
"France",3.33497423055942,3.76474966819715,4.77388162071369,6.48894399655937,8.44896696337966,10.3804005772937,12.7735300502479,3.43244573375853,4.15563895695565,5.54288593617168,7.95828230924839,11.1510914787496,15.2882964150861,21.8144578392877,3.43244573375853,4.13347984471609,5.40423546881014,7.52835586744793,10.0000994801252,12.4537915864327,15.3939332210083,6.77138856522872,12.7735300502479,21.8144578392877,7.9039924495064,15.3939332210083
"French Guiana",9.85829741042732,13.2861529353174,20.4099245034994,31.5635698632478,45.2226546963632,59.4970672356969,73.6381122321754,10.177388808925,14.6805311558175,23.6950545190725,38.0986077270651,56.9060138642353,78.4941750749524,102.069153263535,10.177388808925,14.5523958125514,22.8779271566424,35.7394012807893,51.5908554360568,68.3548947696369,85.2510629696481,33.9958738468249,73.6381122321754,102.069153263535,38.6230948911354,85.2510629696481
"French Polynesia",7.16962757199054,8.92988095072574,12.3874994317901,16.727074482276,22.2148290445351,31.8818059511211,46.6045982888535,7.29588987433152,9.46552807966822,13.6380726737178,19.2967821640676,27.4835722681596,42.8633707994491,68.4847581815103,7.29588987433152,9.41748590192996,13.2900280180222,18.0889653838387,24.1517953194962,34.6779287819772,50.5808158694977,18.4282179720896,46.6045982888535,68.4847581815103,19.9252406810529,50.5808158694977
"Gabon",51.7406577524626,75.0168513690262,113.148623276476,156.899394209467,198.495394417495,232.758545299409,262.157248705906,56.2425310044578,95.6769219252618,158.91581003529,234.371968897676,310.105244733884,377.732369415774,437.427957441445,56.2425310044578,93.9152144869553,148.951389642952,210.365435686707,267.055693626091,312.111546616932,349.403811598878,155.263761714375,262.157248705906,437.427957441445,206.479856011928,349.403811598878
"Gambia",57.8633928430107,83.4122382538317,130.577450115698,188.623369987903,246.643336170887,295.009390589826,325.928731642732,64.0893158679452,113.607130827896,203.653109774071,318.67334681909,436.493585253621,536.73690986432,603.01561365262,64.0893158679452,111.276351781572,189.834754427324,286.352273160518,383.236786353058,465.229143258608,519.953417098128,188.853157023629,325.928731642732,603.01561365262,287.185861796216,519.953417098128
"Georgia",11.9955674815808,17.0045208490802,25.7770878051052,37.4894554880189,52.8239805599815,71.3754846459597,88.1695360590336,12.2128956328797,18.1759748094889,28.9692277077454,44.1984863365586,64.9788376960763,90.7411625444113,116.51064534354,12.2128956328797,18.064106753924,28.153861967824,41.7071132131074,59.1915731679474,79.4045728844337,96.5574402183308,40.8941058696291,88.1695360590336,116.51064534354,45.3042455974473,96.5574402183308
"Germany",3.40618974617263,3.67017831049722,4.38391320912634,5.63855994837776,7.2110764036865,8.8037570587124,10.8852334978897,3.51658059875809,4.07649424566869,5.1449607594876,7.00450354761914,9.69135094365096,13.2212198578282,18.6625620170562,3.51658059875809,4.04847592397171,4.98735450085075,6.55625664541402,8.54512571353624,10.5927475403237,13.1808008945506,5.94149698608004,10.8852334978897,18.6625620170562,6.94599206481929,13.1808008945506
"Ghana",49.378705000422,68.9946750109029,103.692716702118,148.855440443261,195.376204377244,236.171471530544,271.61787806533,53.8483255423593,89.5521607537222,150.783242327367,231.584617429182,319.730906396945,402.181478619708,474.06820835317,53.8483255423593,87.9031842091835,141.034082185722,207.537443985473,275.416284298111,334.307090601346,384.099003900951,150.618101612814,271.61787806533,474.06820835317,209.239617055967,384.099003900951
"Greece",3.13985461134297,3.46150533844154,4.13838090407438,5.42139806634036,7.46045825680394,10.5850423008552,15.4944724917882,3.2213287294789,3.7984899097702,4.80934964562458,6.6311175711515,9.76654627716532,15.2563540178962,25.000429758199,3.2213287294789,3.76675887665387,4.63789513870679,6.17440914727391,8.58157577607449,12.1537236778052,17.5997613932461,6.21335697330308,15.4944724917882,25.000429758199,7.06287252330284,17.5997613932461
"Grenada",15.3021679414515,17.4182075740038,21.7886114681408,27.1379290773422,32.6839730995884,39.8175535494923,49.2068286649065,15.557967943575,18.6111355836053,24.6875298269546,33.1277404636505,44.612184220693,62.8348616703332,90.0491020033199,15.557967943575,18.4535140545605,23.6629108847357,30.1149454998208,37.167284378197,46.6788765999894,59.8973778254318,27.7692549537135,49.2068286649065,90.0491020033199,31.2155062834607,59.8973778254318
"Guadeloupe",5.40185482676212,6.6521427893871,9.14539391231322,13.0184375313892,18.0257788070087,23.7724427013448,30.5163781450061,5.47912480123065,7.0304476481744,10.1552995943858,15.3694395759886,23.1204092523471,34.076425398721,49.7917593920447,5.47912480123065,6.98980833293682,9.82228321281218,14.1990062286599,19.9838711665123,26.8627510672488,35.2729684820804,14.1228391482886,30.5163781450061,49.7917593920447,15.571544001634,35.2729684820804
"Guam",10.0322743017038,13.0354585920367,18.6478539336657,26.7372781048579,37.1786351146794,48.8565397884593,60.9216169847478,10.3260563576404,14.3137268828665,21.6012742979941,32.3628774015839,47.0922003215371,65.2322603053186,86.2264385259683,10.3260563576404,14.2100408913702,20.9083708258071,30.3427408937064,42.4967790031979,56.2425156176646,70.6946952757571,28.8911531067398,60.9216169847478,86.2264385259683,32.8400894463493,70.6946952757571
"Guatemala",28.4447742820501,40.4085080348056,61.1711377707702,90.7012423382625,128.209070145501,171.278486709013,217.688861634154,29.8268211121529,46.3387036874307,74.7902734655651,117.029288996829,174.783033681242,247.169016543965,331.218311943718,29.8268211121529,45.9003837973744,72.0860818564526,109.124050919596,156.669913096831,212.148968082829,272.952644740558,98.3536889996705,217.688861634154,331.218311943718,119.185879550617,272.952644740558
"Guinea",84.6172168517332,128.310547870894,199.035381729375,282.139263203654,361.910764318061,424.00933840548,461.571057988668,95.4094221529005,176.466128801145,299.945884401879,437.008993489573,555.521945669993,635.328156324138,672.367167090664,95.4094221529005,172.890724029791,282.851572515254,403.264295594509,508.276947347472,581.078597907717,616.759548040442,279.081059105493,461.571057988668,672.367167090664,389.672427478949,616.759548040442
"Guinea-Bissau",72.5897471653334,106.938709711609,168.009059387225,242.899640436013,314.313880268829,372.131083146923,409.502305369081,79.8411008808616,139.494225448572,238.519454390365,357.979692714013,470.337809920647,557.783200672881,611.349193504418,79.8411008808616,137.04064196413,225.584118020853,330.040767006453,426.5040510877,500.604419568433,545.112767900957,240.85847459012,409.502305369081,611.349193504418,323.954799529514,545.112767900957
"Guyana",33.2989807019464,45.3046634075733,61.1364415047426,77.7915676819285,93.8995480626083,108.239635209925,121.505113417085,34.8221805008116,52.4974374933022,77.2820381389104,104.808217852141,134.364774582989,167.835173458943,207.964994263268,34.8221805008116,51.783865358986,72.908300100229,94.2950038690191,114.885506901176,133.739782979697,152.036382707495,77.2743711733556,121.505113417085,207.964994263268,93.5224918418214,152.036382707495
"Haiti",63.3016684721879,78.9648957580775,106.970585073913,142.505003147892,182.720043097424,224.774411643899,265.399305196917,71.8260920381135,104.04445470249,155.836649417088,220.254479146643,293.38361223353,369.091661058806,439.887107100901,71.8260920381135,102.263046276027,146.406811338096,198.066073977369,253.422820360654,308.185293217251,357.901972542643,147.186987744241,265.399305196917,439.887107100901,201.668809033879,357.901972542643
"Honduras",22.6949532602543,33.6061214604963,52.562977215041,78.4813810279084,110.620286086741,147.836483373374,189.603641774011,24.804733325484,43.6917348969046,76.3623628856806,120.971913678632,176.180622213684,240.556331560398,316.318815388613,24.804733325484,42.8449814645699,71.1504627665801,107.662892045198,151.082700244675,199.546333605343,256.0816968321,84.6214498327122,189.603641774011,316.318815388613,114.457474025273,256.0816968321
"Hong Kong",1.46585286065467,1.60726148742811,1.88712850690125,2.43464809485067,3.29997777527358,4.57288342662735,6.65397581321024,1.59874053489558,2.11200337922699,2.76302144183135,3.84048595593002,5.55578989984432,8.09632104979543,12.0988563064715,1.59874053489558,2.08729919193433,2.62881046650936,3.49726155000754,4.78245425522665,6.44699230442319,8.81445726661339,2.76037985821619,6.65397581321024,12.0988563064715,3.88856355362022,8.81445726661339
"Hungary",4.70277458903055,5.41465873421969,6.66452226375047,8.99287083299864,12.8848078377937,19.0522064495364,27.1255870119061,4.84448449641305,5.95798038245886,7.70170428314418,10.9356463105851,16.8007940581852,26.9110966011466,41.0572060822442,4.84448449641305,5.91601404256687,7.47370812830033,10.2517477533838,14.8637715340321,21.98229053328,30.9710128276482,10.6018132236598,27.1255870119061,41.0572060822442,12.0975063983126,30.9710128276482
"Iceland",1.4317074469624,1.73124855698829,2.41591945664715,3.5866842779945,5.29414635453242,7.49423474600222,10.1176646346857,1.50810590472305,2.09822877509716,3.32405527924538,5.40484864213163,8.60951899734439,13.4670184427708,20.6221592833266,1.50810590472305,2.06984964894338,3.11919576196949,4.77131641985484,7.01891495852621,9.77253588540935,12.8584614797403,4.10444667843292,10.1176646346857,20.6221592833266,5.35036253494065,12.8584614797403
"India",37.7312280377872,54.0432644940235,87.130192972296,126.704474799299,165.742308520156,203.752208271709,240.190412571791,39.2396068466199,62.0111502128144,108.919246389876,169.448951557938,235.120676332587,303.649221272908,371.246689599695,39.2396068466199,61.5590578664324,105.197145833707,158.380495310892,212.504568374612,265.675936562782,315.91835248231,127.474489811497,240.190412571791,371.246689599695,160.663440789685,315.91835248231
"Indonesia",23.2211799252639,30.918885700158,44.5517147501676,61.5049936712079,80.1281963708068,102.609939524278,131.613894004612,24.9354030398336,35.7238111869238,54.2836236488587,78.8606718304011,108.828899530532,148.693649065666,203.148950261358,24.9354030398336,35.3603209660397,52.2160694944534,73.426558717158,97.4837802365359,127.296001864563,166.856537808973,63.9427460033237,131.613894004612,203.148950261358,77.15654625575,166.856537808973
"Iraq",29.9214185028043,43.3633106500627,65.9005469076543,91.2359477505896,116.284666532906,140.829667675523,165.811175140623,31.0702025298745,48.9573468304194,79.4535946021867,116.366309289136,157.170835893629,202.396262888941,253.069861283854,31.0702025298745,48.509627815272,76.4796611889523,108.084918297617,139.865565173941,171.607500990354,204.030672973675,91.5228279033471,165.811175140623,253.069861283854,108.909454693227,204.030672973675
"Ireland",3.19425277859722,3.64062633793825,4.53339535824659,6.17995884816312,8.51208036772426,11.2811401209773,14.4541303070849,3.28834731643047,4.02817582454239,5.31317839752684,7.56597865229474,11.1043436463482,16.2582941949734,23.9990589557566,3.28834731643047,3.99736613827629,5.13803742658913,7.09512062194896,9.90299866316436,13.2880710316163,17.1670490969638,6.8294402066099,14.4541303070849,23.9990589557566,7.88431877631901,17.1670490969638
"Islamic Republic of Iran",14.8552319964582,18.4704365366804,25.1123378952714,35.5394840828033,51.3682050568708,75.2522103283006,114.1678069278,15.3445027864836,20.3520573350212,28.9940355687366,43.0367676303816,66.4570556025636,106.311574613695,174.319124855597,15.3445027864836,20.2271558152732,28.2411000059562,40.6908811192946,60.0104939150516,90.0174140970427,139.359470207255,41.1485347799853,114.1678069278,174.319124855597,47.8374089905237,139.359470207255
"Israel",3.18904176060952,4.05657414163337,5.92516609214833,8.98411434528447,13.0127866598707,17.834823053674,23.8941712550822,3.29255100038971,4.56199730694936,7.16888560807696,11.5721372211453,17.9501569199322,26.5931271374426,38.6886925328664,3.29255100038971,4.53359501533672,6.93230366524108,10.7605232439505,15.8023747943289,21.7380537409276,28.9255668844139,9.96269285852217,23.8941712550822,38.6886925328664,11.953370091957,28.9255668844139
"Italy",2.86865509218714,3.17445728847973,3.78278089834165,4.81917972177399,6.2947612949226,8.29309571408567,11.2103922591049,2.94942475486115,3.48607255103426,4.35911415799851,5.80309857787216,8.03339533607746,11.5546863478612,17.4383360793428,2.94942475486115,3.46450670142154,4.23803930199681,5.48176843083117,7.24503849880712,9.62026972676418,13.0006825309231,5.27285498352073,11.2103922591049,17.4383360793428,6.00992453196416,13.0006825309231
"Jamaica",14.6455485611438,19.4985400162787,26.6902725627207,34.9258570344679,43.9906350299322,54.0412207028788,64.8039848368109,15.3012667747368,22.0211955984592,31.9336593157804,44.2457788942157,59.6386773982151,79.1465094689697,102.703903517393,15.3012667747368,21.7557430138802,30.4473927393621,40.3041540447503,51.0875305226504,63.1904744010286,76.4486896550251,35.8293050692557,64.8039848368109,102.703903517393,41.3570589443343,76.4486896550251
"Japan",1.9845945076285,2.24022812955132,2.74793757121832,3.60786979431008,4.68865464949149,5.8943271696367,7.40980455238489,2.10707770234095,2.71997143529655,3.61914290759306,5.10744079900324,7.21672810251029,10.2009786081231,15.0042834679853,2.10707770234095,2.69336536980223,3.4683943344909,4.69804719965301,6.23955473990107,7.96885763309568,10.1293834149116,3.83580346284158,7.40980455238489,15.0042834679853,5.01364385538858,10.1293834149116
"Jordan",16.5694703985157,21.1789177793017,32.2144733186426,49.3404885000154,69.2209954535101,89.362581326808,111.344554517923,17.1805666677231,23.2112986092287,37.1215912796386,59.3220922958245,87.0451570384735,118.423752438817,156.19835916987,17.1805666677231,23.065885806227,36.0590381797498,55.9946414698229,79.2241615552523,102.90025709936,128.689843112175,52.2634912756555,111.344554517923,156.19835916987,59.4487968220823,128.689843112175
"Kazakhstan",11.0447052796835,17.7602682335726,31.2280981257898,49.6009820750035,72.1138046359542,96.6902748036938,117.73039740224,11.5598689398394,20.1519308817382,36.8305756502659,60.2649365442383,92.0735255795758,131.097587806859,171.950930928989,11.5598689398394,20.0116458443062,35.7311687875363,56.933738016436,84.2203012334047,114.39174113392,139.966711135603,53.4786855748028,117.73039740224,171.950930928989,62.2577190031207,139.966711135603
"Kenya",47.2529406552903,70.9973249234592,113.967183938675,164.474733397408,209.360107788822,242.560147266419,263.291496372439,50.7238946204274,87.5543918850488,155.025356810734,240.907076539454,324.002037148093,391.73952939751,442.15531340449,50.7238946204274,86.3969948055089,147.512991037518,220.425995155086,284.768185023346,329.875276574472,355.416362626902,160.271899462957,263.291496372439,442.15531340449,213.795888519186,355.416362626902
"Kiribati",48.1712095022044,60.0642049066564,88.3237170514025,131.298365032698,175.047408608755,206.493127170885,229.49096450132,50.4348959748856,69.6373813056363,109.198456331598,169.827769724357,236.371365346292,292.458096977058,340.671633472968,50.4348959748856,69.1122998687587,105.840776748528,160.345570369684,216.295163176204,257.474104059842,288.082679849293,132.245364554079,229.49096450132,340.671633472968,161.813582844603,288.082679849293
"Kuwait",7.80680583492362,9.48382408904154,13.4075805875947,18.9065057872157,25.1093814128552,31.2187308055995,38.6925208972926,7.98656782469743,10.3320144316965,15.4819412086653,23.2016012771367,33.2631479173704,44.972140753574,60.8600721479569,7.98656782469743,10.2748641202349,14.9900723227092,21.4909284357662,28.7898786996943,35.9199473209435,44.5554040089245,19.6252045364613,38.6925208972926,60.8600721479569,22.2931381798696,44.5554040089245
"Kyrgyzstan",24.6192474921652,37.1816573062101,59.5157669174435,89.7299717274176,126.918210492305,168.002285808363,207.877114255372,25.3034335485798,40.3398369243831,67.5163268113412,106.37400619797,157.381734653655,215.582683427145,274.016165027816,25.3034335485798,40.1845297328926,66.2176049489012,101.985322866751,147.076863319,196.095250560721,241.772434041365,96.2695784503478,207.877114255372,274.016165027816,110.311914285653,241.772434041365
"Lao People's Democratic Republic",47.8934401475797,67.596657855607,101.756143478404,144.570810949896,194.290566288723,251.220107642954,308.397278748682,50.494268818653,79.4091526398845,129.685388676758,195.867395950455,276.169276667431,369.274802189366,460.645440395511,50.494268818653,78.6345124945419,124.84959305326,183.015421122337,250.615960722706,326.730720754624,400.455238896103,151.886857243117,308.397278748682,460.645440395511,192.769241629494,400.455238896103
"Latvia",4.21715860629855,5.58693975144471,8.09132927209634,11.967018814004,17.9590714129588,25.3742543397326,30.7434178698873,4.60545557978173,6.92190950359304,10.4571737858262,16.0235329424997,25.3820207609051,39.6402994092758,56.8722392190043,4.60545557978173,6.83183007834914,9.96151858193629,14.6284733153768,21.7557624386425,30.7702604634889,37.7827046985012,13.7957227180473,30.7434178698873,56.8722392190043,16.7895689755587,37.7827046985012
"Lebanon",9.85323590466555,11.333398928914,14.8170469188451,20.9566444300329,30.6397858669919,45.1874332070019,64.1247039545745,10.1193637956951,12.3587876265284,16.8830608930287,24.9234800714697,38.174394457515,59.2032406679728,88.4204873984469,10.1193637956951,12.2936428902205,16.4750969063285,23.6670242164914,34.956360943124,52.0378675425019,74.7053630935593,24.5868618703572,64.1247039545745,88.4204873984469,27.8859984997333,74.7053630935593
"Lesotho",74.4267038711938,100.779449942608,135.097493365908,158.459883471945,162.76971365472,156.359851889588,156.607846944857,81.978459869896,132.621158589388,199.121381165229,250.055610200272,270.577265874823,276.270962602992,299.627628998782,81.978459869896,130.580276763256,188.124184805693,226.119239824844,232.930882009454,222.397525798308,220.149827817594,142.693278464954,156.607846944857,299.627628998782,200.030421840311,220.149827817594
"Liberia",74.153683600958,113.896090805297,183.569282942057,274.492718959147,365.501114208676,432.201198686766,468.981245614239,81.4786242714773,147.268678690916,256.633966715528,393.109073470457,524.405266274037,618.178209156113,666.337170622388,81.4786242714773,144.773370788314,243.720477698986,366.677319817448,486.478598356164,571.631025512649,613.239023928025,273.932081120389,468.981245614239,666.337170622388,362.656158434712,613.239023928025
"Libya",11.7414063721452,13.7364819568523,18.1280460897159,26.0703005594674,39.0393578228077,58.9893554867084,89.9005522573871,12.0748443344159,15.1676849998152,21.1447638676302,32.0079167113532,50.8263054478094,82.0594835191419,133.07587123923,12.0748443344159,15.074854601853,20.5444995079053,30.1544049130418,45.6640831672179,69.3007859682781,105.719790953696,31.1927083831103,89.9005522573871,133.07587123923,36.1477256316592,105.719790953696
"Lithuania",4.24084550182923,4.97225838653233,6.81773946225062,9.96028014097073,14.9670122463366,22.1463105841586,28.1271145191042,4.3960868134419,5.61953159738769,8.29086913579821,13.243665376255,22.107079430671,36.4649304175123,53.7203092467691,4.3960868134419,5.5528857512542,7.85227649264504,11.8346386198635,18.1036219536651,26.7105216183372,34.0150311750297,11.7727201640498,28.1271145191042,53.7203092467691,14.010788887153,34.0150311750297
"Luxembourg",3.39466466154089,3.53694204348534,3.95482678270451,5.32132369405536,7.3157928323446,9.79251486799047,12.7554143346109,3.4855655135563,3.87638587894581,4.65833414113235,6.71014501280477,10.0574762602855,14.940650272964,21.7157275382748,3.4855655135563,3.85650741907888,4.54103390671368,6.32369325674796,8.92576252323163,12.1019785578624,15.6509096320954,5.98428004411605,12.7554143346109,21.7157275382748,7.14979513272691,15.6509096320954
"Macau",2.84267596333087,3.19564706585471,3.89293643368225,4.92725390440327,6.34802858941145,8.62068387988977,12.5935945424124,2.97666351712097,3.76411173224426,4.94746913208795,6.66260070957815,9.13920752758933,13.3275975970219,20.9682907268461,2.97666351712097,3.74404200520604,4.82339196072936,6.32529580240151,8.336285968544,11.442323368583,16.7110432586972,5.39690997464829,12.5935945424124,20.9682907268461,6.93426782109278,16.7110432586972
"Macedonia",10.0920947242683,11.0094073284572,14.2086182302262,19.811337918724,28.6819975036873,42.5529290567848,63.9019936757254,10.2852193106684,11.7584456238003,15.8069716310756,22.7471050331488,33.6700010397296,51.2655863638329,79.3062372241019,10.2852193106684,11.6988610722587,15.4252104999533,21.5755697355151,30.9585345734543,45.8314856254261,69.0217446515236,23.2528580075759,63.9019936757254,79.3062372241019,25.0979323013215,69.0217446515236
"Madagascar",39.0809045931586,61.2310046404855,100.09681019925,150.820635866415,209.047144399205,267.668644110376,316.763820882726,43.1476888348362,80.6718882523314,145.879507163998,232.519481662333,331.365203914479,428.85034948711,511.02634144271,43.1476888348362,78.9751863898969,135.548706360498,206.611306004526,285.161205391355,362.195012958976,426.827993524119,157.772847843146,316.763820882726,511.02634144271,213.698283421051,426.827993524119
"Malawi",60.0594408303435,97.9548235543737,160.515208581597,232.010891358684,296.284743162495,340.746344505117,364.35792448567,65.151050433238,123.688821970364,223.263811895272,341.082050693674,444.250022540907,509.966357758637,540.246939051509,65.151050433238,121.853574938214,212.353119745265,314.987823942724,402.585692176963,457.99469530304,483.431515969986,225.502402232454,364.35792448567,540.246939051509,301.954981221241,483.431515969986
"Malaysia",6.34493796710204,7.16163518725926,9.18716805354983,12.8060753019895,18.1421365150525,25.3702116732061,34.444916336322,6.55642503266358,8.00625003120008,10.9580719145839,16.6125954896252,26.2853918434011,41.3207554745804,61.944436519533,6.55642503266358,7.94225556730875,10.558245773753,15.2351823141609,22.0912546180109,31.0259128397756,41.7417416912434,14.5334453462114,34.444916336322,61.944436519533,17.3705702226018,41.7417416912434
"Maldives",7.61597039940173,9.8336410586404,15.969823072621,28.8138851724437,56.0829971646705,108.926054801964,187.788234676986,7.82471624585026,10.6863863923461,18.4480235660883,35.0082827759059,71.831691987972,147.391831237032,262.811522011116,7.82471624585026,10.6179784089597,17.7759365085348,32.6179682586959,65.613103887674,133.359105210204,237.102268955504,43.9252802540678,187.788234676986,262.811522011116,51.9968184548137,237.102268955504
"Mali",102.944182890689,162.010393550173,252.605715932741,344.759194897983,416.911372010355,465.386988081943,490.240198083579,117.71020603414,229.71926667487,389.568239662346,541.088513706943,646.130809580482,701.18323583606,716.70829525481,117.71020603414,225.332545942802,370.198435229163,507.41989171511,603.423128978723,655.565332275008,672.506211964982,328.334732894639,490.240198083579,716.70829525481,472.387866828161,672.506211964982
"Malta",5.41660585287778,5.9737585430101,7.09422892118232,8.99980369350107,11.3948969695169,13.8915164880077,16.9727519917634,5.53583419453805,6.45744952312788,8.03384903060901,10.7347228471786,14.5321271067133,19.2785689772279,25.8332245717001,5.53583419453805,6.40671904071554,7.77464893992802,10.0521270079945,12.959296051222,15.9948628946921,19.5705460932744,9.47084092304362,16.9727519917634,25.8332245717001,10.6375307869104,19.5705460932744
"Martinique",6.12784081876814,7.18331734637025,9.46501666701966,13.1297313079297,17.8200811365568,22.8396257705171,28.5138319251632,6.29337137681074,7.86218475347314,10.892361121634,15.9854406634704,23.4422474497424,33.2450928337285,46.4794027518219,6.29337137681074,7.79916243341937,10.5188967482117,14.8451080919357,20.4402067712778,26.5427601066053,33.5791769259357,14.0875544456787,28.5138319251632,46.4794027518219,16.02922683029,33.5791769259357
"Mauritania",63.4964416419768,87.6626546406074,130.160282377445,183.255481583038,235.439019980139,275.582729552185,301.385652652673,71.0028894246164,119.049441351672,193.518315195279,283.748317625911,373.194283626727,445.27090382544,496.693411915794,71.0028894246164,117.442864186021,185.788658088441,267.039277008533,345.003478673705,403.66334517384,440.540566458476,182.420033626683,301.385652652673,496.693411915794,263.787524626108,440.540566458476
"Mauritius",12.1249236177778,14.3275500450525,18.3747814830832,23.894367558,31.2875178253673,38.5780885021636,45.4520422571986,12.6089164663807,16.1147305466893,21.6471742220975,29.5102552481993,40.644665357881,53.8681078686935,69.6364990989712,12.6089164663807,15.996180578068,21.0130065630383,27.692156516122,36.1271941318491,44.1439090204698,51.8745577942838,25.2924610827333,45.4520422571986,69.6364990989712,28.9944893619094,51.8745577942838
"Mayotte",4.55526565377232,6.43952991768691,10.6777000427619,17.4700111805675,27.3084696203802,41.3057965154084,62.5909935625094,4.67694788377969,7.03399461550153,12.3509178403286,21.3523531898168,35.8448091721581,59.2259345113801,97.775885975973,4.67694788377969,6.97448176212228,11.8948389615442,19.7772429537988,31.3376055440025,48.056757508616,73.8816422454728,20.640301455361,62.5909935625094,97.775885975973,23.6081853460168,73.8816422454728
"Mexico",15.7698111300349,20.7187912132478,28.8594854888526,39.1731475394442,51.773715879636,68.5080613864648,90.2879085043137,16.2804659840649,22.8928618469322,33.6025489316086,47.9536154133996,67.1861616298626,95.7724197251015,136.554631703476,16.2804659840649,22.698763149779,32.3977435461073,44.4141250898183,58.9203824034809,78.9662743802546,106.006544001152,41.8066403015291,90.2879085043137,136.554631703476,47.479457713888,106.006544001152
"Micronesia, Federated States of",28.0754021519415,36.0119595530465,54.1840315214817,84.9853971264951,121.2461930623,149.664548482262,167.736954145462,29.4591194321968,41.3795643884505,65.8051735572361,108.31661812509,162.906827458339,213.668286964075,255.965515781779,29.4591194321968,41.048841517625,63.6909467612556,101.837072821591,147.569899005223,184.460455599221,208.560264599943,89.2184259491171,167.736954145462,255.965515781779,107.721443140983,208.560264599943
"Moldova, Republic of",14.015259887722,16.7436065259048,21.2586902250964,27.6194478257521,37.3271824898574,49.9375110650011,61.9633765349295,14.4328008811275,18.4473618865309,25.1096469232532,34.9542433488344,50.5578812775888,71.9125394475634,94.9158855001056,14.4328008811275,18.3257700480263,24.3439150966851,32.6837341904515,45.023969500411,60.4319557013729,74.3505657444643,30.5772876263224,61.9633765349295,94.9158855001056,36.1618689073893,74.3505657444643
"Mongolia",21.6180754647035,29.5560225528368,44.7578890266625,65.9028685012571,93.3124536201032,129.11254482121,178.161970793089,22.4795773137187,33.3557235710681,53.5019500213228,81.5123299774107,119.949644435983,174.797709217321,255.4330968711,22.4795773137187,33.1789397295561,52.1755586180578,77.7300621559256,111.965368928994,159.420697726883,228.117303573267,72.528355704414,178.161970793089,255.4330968711,86.8941254318834,228.117303573267
"Montenegro",3.08061051998362,4.93020845008994,9.22764677265005,15.2401780862498,21.6221466768026,28.7106614774966,37.3191420771849,3.19405362689468,5.47808606239303,10.4089601580979,17.5443345287166,25.9581668624674,36.8627808462553,52.0181659391045,3.19405362689468,5.44077671561904,10.1577516255475,16.6906927674675,23.6229016559832,31.430587846737,41.215190077882,15.9461682926578,37.3191420771849,52.0181659391045,17.4685421222708,41.215190077882
"Morocco",23.8091901557338,29.5559175762461,39.7767911798818,55.5300505908424,76.2101216661223,102.765490532158,139.359808150802,24.6031494003526,32.8126409404076,46.8586037367342,68.5281192195701,98.0751999529546,138.012404408125,195.549241878858,24.6031494003526,32.5918366747396,45.5508536418603,65.0738189504338,90.859363003397,124.440046885736,171.725208136029,60.76767430905,139.359808150802,195.549241878858,71.7031838312332,171.725208136029
"Mozambique",87.7616599703839,141.002218982596,219.227767677642,296.79587629135,355.893852192364,392.62940664132,413.04738157519,97.2206203179579,184.800030816698,309.004624514956,429.049464370301,518.489507910188,572.5279933158,601.051032385597,97.2206203179579,181.738163865219,294.255764658723,401.079367737538,479.591502486706,525.270150863098,547.399287117185,281.109824357054,413.04738157519,601.051032385597,376.386989922257,547.399287117185
"Myanmar",43.4333887626054,53.6810575115397,72.3990479461213,96.69982351755,123.498685574616,150.286620269963,177.360884070566,45.6530113582174,62.8852543090324,92.1865474451931,131.393602910195,178.040598842659,229.94374309583,287.75932480874,45.6530113582174,62.2669512936535,88.3416692251641,121.165602021427,157.474814443861,194.247218328433,231.67948810676,99.3130469639579,177.360884070566,287.75932480874,124.699251062508,231.67948810676
"Namibia",44.2428142863565,60.6163045157878,85.562944302469,108.997282683731,125.766967594825,138.810622575419,155.992636954858,47.2971134650738,73.8815959591418,114.909808935804,158.999427530627,197.664159351216,235.082949577454,285.732762619313,47.2971134650738,73.0068723097368,109.885967673295,145.513914838613,170.736724160549,188.990435685185,211.825832204269,103.950824334446,155.992636954858,285.732762619313,137.626782933476,211.825832204269
"Nepal",34.6069546041678,49.9882340083247,76.6842375951437,112.029114652642,157.966936371633,212.304284775536,268.359109893575,36.1689471269332,57.3292296273682,95.0195519903756,148.23912114955,221.121544212802,309.153358276893,398.827147726056,36.1689471269332,56.7714260708977,91.3345507456571,137.889817971155,199.624546192685,272.886179075562,347.563710223362,121.794561480656,268.359109893575,398.827147726056,151.701304011191,347.563710223362
"Netherlands",3.00464760034415,3.49077929894392,4.44417863168565,6.18418912492633,8.31062339930509,10.1850225637425,11.9961863395317,3.08973324127119,3.84138621083433,5.11492552263375,7.46452830895055,10.6594899616094,14.252314171313,18.8380424169299,3.08973324127119,3.82294903143349,5.00321700017768,7.12086293939993,9.76041142003753,12.1616811713149,14.490258430286,6.5229586037207,11.9961863395317,18.8380424169299,7.57382431247271,14.490258430286
"New Caledonia",12.7281588497818,15.5982445554121,21.3450845950373,29.7388488894083,40.6982465797589,53.5918586669958,68.9305984891161,13.0627113167751,17.0385437807057,24.5974509133757,35.8352173966911,51.4880102017288,71.8906424233575,98.5213933428674,13.0627113167751,16.9432826833099,23.9170727360542,33.8261268356617,46.7799199056663,62.1662892906479,80.6814345484449,32.1944566573225,68.9305984891161,98.5213933428674,36.726538290268,80.6814345484449
"New Zealand",4.23805212696197,5.07091516051126,6.58769935542412,8.68438687013543,11.2627213762476,14.0735340885934,17.4428138454175,4.40293080788173,5.72775154826104,7.92015321659908,11.0934586341725,15.8382239740569,22.6024069086873,32.2664081172454,4.40293080788173,5.68418414269132,7.67110867183777,10.3188207945585,13.6131759145425,17.2209663259744,21.3904430683857,9.13585137018235,17.4428138454175,32.2664081172454,10.9016511699209,21.3904430683857
"Nicaragua",19.4180159797852,26.6676609735419,39.0042670206348,54.0833420652726,75.0959090783132,108.531621287549,156.284216973627,20.297368287344,30.576074021737,47.8043601124488,70.6229306207037,106.184687720728,163.848690629093,247.522928940088,20.297368287344,30.1701424101173,45.3836382457213,63.9106371128628,90.7599233085491,133.271356295203,196.200704108703,60.6765600850623,156.284216973627,247.522928940088,72.6991394744907,196.200704108703
"Niger",77.5847317223793,135.092684392859,224.008853651691,319.149157999112,409.019163011608,474.087165788242,503.424430310319,96.675386382386,225.302925732026,408.305007601517,577.820018989249,697.518307512283,756.96703001945,765.884663898884,96.675386382386,220.485766307474,387.424501753908,543.449452670122,659.119811323274,721.416828960202,734.663080719378,312.271404968702,503.424430310319,765.884663898884,506.379272202996,734.663080719378
"Nigeria",90.4489143862624,135.117749577483,205.54881352112,283.88727220048,353.197689833746,400.537798386048,422.557158211001,101.635860211659,184.214628096427,307.872933741384,440.212134277629,549.333375405955,616.782274511907,644.569179651602,101.635860211659,179.948720920034,285.937411907988,397.004941761836,488.844937332798,545.810609248525,568.043522824403,275.657864703775,422.557158211001,644.569179651602,379.509324234236,568.043522824403
"Norway",2.27780316304523,2.63694537172349,3.48788451170485,4.91577253918743,6.73023064991808,8.82863231366682,11.5257358439892,2.3434493850245,2.92437077621437,4.11013226219129,6.21273933258538,9.43753292068382,14.2765290018624,21.6420947013615,2.3434493850245,2.90495155249747,3.97728844349046,5.77012339197414,8.12644746159024,10.8925684450015,14.2997905692083,5.31989307724013,11.5257358439892,21.6420947013615,6.33427585891075,14.2997905692083
"Oman",8.94249053912393,11.2013715085007,15.4959768075789,24.1347717227351,41.5696003313044,72.1565463157866,119.495784609684,9.13903333271526,12.151718780038,17.9616123419937,30.0353928116044,55.9756767226573,105.189197977957,184.837665386123,9.13903333271526,12.0856775652917,17.3679333950923,27.7472446596097,48.8229502746046,86.7858678786234,147.30856600617,32.9116533371811,119.495784609684,184.837665386123,38.5619347546443,147.30856600617
"Pakistan",71.0483568590633,92.3085394395953,139.317178560207,198.505617043176,258.103721345059,311.789825423404,359.267088771663,75.6088229881376,104.364081089328,166.699367481241,246.507227441973,330.022962416746,408.335346640016,478.173854040245,75.6088229881376,103.728908418101,162.577876521626,235.705340229277,309.418986404791,375.626784221622,432.982962752737,200.004976362288,359.267088771663,478.173854040245,237.411579159083,432.982962752737
"Palestinian Territory",20.5244749569273,29.6896545439347,46.9965871222038,70.2213702788125,98.3386664535507,128.685305276087,160.036800611307,21.184984482461,32.8589392309831,55.093844333754,86.2887528218556,126.739828325843,174.318205257206,227.136369221418,21.184984482461,32.6223354517218,53.331221992335,80.8640526570557,114.280830333905,150.701603671857,189.022297713553,74.7863167349178,160.036800611307,227.136369221418,86.3600088213748,189.022297713553
"Panama",17.0970829855379,23.1376585677311,32.1655861464903,42.6178117422679,53.4205267579701,64.0468486011445,75.553228352219,18.2604211460492,27.8403713666555,41.6137577856902,58.5245573883796,78.9375358063427,103.571481435364,134.336427128338,18.2604211460492,27.4916388744424,39.7416995171621,53.5762252021851,67.8263654413463,81.4115045354054,95.5909769719652,43.0776863631208,75.553228352219,134.336427128338,54.0094867141082,95.5909769719652
"Papua New Guinea",50.0342854947741,69.4392200895356,102.98870781031,141.966693029119,179.158549403148,208.358177072805,228.038617717062,52.6470888217757,81.1517605105024,130.146014382225,189.429696168004,250.531191887632,305.923607166489,353.012891247172,52.6470888217757,80.3608481320926,124.943169651157,175.587001084414,223.482800696596,261.057450521672,286.579428482921,140.382269480984,228.038617717062,353.012891247172,173.086254017186,286.579428482921
"Paraguay",22.0294496398071,28.9231600683095,40.5417623370333,55.2413021935473,72.5227846391337,92.3982930267846,114.540842130683,22.6940905935876,32.1808492095957,48.3225620651092,70.2772556516601,99.3000150688963,137.277352462462,185.526037261815,22.6940905935876,31.8201263081482,46.0656158019576,64.0895241850324,85.3246620827999,109.495028940638,137.009973470766,57.9254604529617,114.540842130683,185.526037261815,67.3589914637153,137.009973470766
"Peru",16.7203853718792,23.2870521777928,35.2164907272927,54.2698581348516,83.0382346767489,122.909732454781,171.162951311675,17.6953003389034,27.6849078229446,45.2559902784107,73.5451710460893,118.2456958843,183.295874061327,264.49504109528,17.6953003389034,27.2404116888103,42.6997668492218,67.0190186113399,104.622497029647,158.301523954985,224.483239244716,63.7442736342934,171.162951311675,264.49504109528,79.9766436268008,224.483239244716
"Philippines",23.6299827027987,31.0456384627771,43.9785128683731,60.8107794117703,80.2713661105322,100.201729389628,120.834156711853,26.0028649618497,37.725432824358,57.3080538819672,83.6981667212473,117.159522511754,156.581448562205,202.625772469373,26.0028649618497,37.2435935301068,54.5773683079139,76.5307821864938,102.170769625607,129.137783241843,158.467737372166,63.2616052486162,120.834156711853,202.625772469373,79.932059378393,158.467737372166
"Poland",3.90640159610536,4.7648339002823,6.33269575043056,8.80233425813199,13.0636673578704,21.3102947631118,32.8222455195889,4.02056592228397,5.22288332852713,7.29521240959529,10.7157974948063,17.1485191915681,30.2137386111544,49.6698971549303,4.02056592228397,5.18734385663369,7.07379752386146,9.98723873647695,14.8840799676091,24.0882191502785,36.7897882031837,10.8547652059654,32.8222455195889,49.6698971549303,12.2441358469719,36.7897882031837
"Portugal",3.04767721530367,3.27131461603176,3.96324240497884,5.30100157502039,7.41581985901326,10.7727914402777,16.5047201391853,3.14778949974519,3.68754015218156,4.81172063323671,6.90564651727535,10.5674882316559,17.0854336801685,28.8528694825255,3.14778949974519,3.65035540290641,4.59886368015805,6.31913373830546,9.0757169327405,13.4351295161683,20.6552627455346,6.14483397906439,16.5047201391853,28.8528694825255,7.41583985405575,20.6552627455346
"Puerto Rico",6.31445972196723,7.98164929229165,10.4417186839364,13.7597510827181,18.059621983835,22.2859155504463,27.1196989208895,6.41428878716179,8.44584438475183,11.7237559354913,16.7855008027621,24.593542679299,35.3060549148884,50.4192987197846,6.41428878716179,8.40278578516529,11.4145700210831,15.6296998436461,20.9928459706955,26.2067576246042,31.9324859192106,14.5057313186455,27.1196989208895,50.4192987197846,16.5293318490388,31.9324859192106
"Qatar",7.02565692215352,8.59998147262446,11.4394774685317,16.0036566635318,24.3451303621175,37.4519693051231,55.2833171821741,7.20689752858297,9.43198593654568,13.3964924211284,19.9230520900063,32.6185047133149,54.0187872431127,84.4400681509063,7.20689752858297,9.37450711621011,12.9136548298005,18.2869602962183,27.9575173819197,43.0700812710295,63.7066712368068,19.5680430543857,55.2833171821741,84.4400681509063,22.3205441790356,63.7066712368068
"Republic of Korea",2.55408555712172,2.86655457186031,3.37695588643997,4.68897141614409,7.2819913436501,11.6232455180213,19.0662999870682,2.64309319043328,3.22911729807396,4.01510919872114,5.95965009652517,10.151318688708,18.0609414773385,32.4250448124479,2.64309319043328,3.21049712435772,3.91433942640342,5.62134630573252,9.00619866299366,14.6747059121183,24.2351554193368,5.96754374722314,19.0662999870682,32.4250448124479,7.28541748632113,24.2351554193368
"Reunion",3.63896158974333,5.15396225730112,7.66360596355204,11.3626754648532,16.7781860774776,24.0833089838424,33.1789592140781,3.72874638253369,5.59789640458945,8.76464174420386,13.6988457064323,21.8092102993982,34.3971252369771,52.0205956560892,3.72874638253369,5.55573707120566,8.48530680701402,12.8077853838161,19.232152330506,28.0516208480102,39.2519016376623,13.0083477494053,33.1789592140781,52.0205956560892,14.8265204881104,39.2519016376623
"Romania",7.85223802959614,10.1321945921637,14.4212618660414,20.6604808037738,28.5476726444857,37.0255397773127,45.9867084742576,8.14223927743128,11.3174497438225,16.9169865041959,25.3802363827267,37.3695873115433,53.5135086579902,74.9592056288414,8.14223927743128,11.218856505972,16.3540946907584,23.7499941818391,33.2792381852936,44.1052857234976,56.7106222313244,22.1574299367555,45.9867084742576,74.9592056288414,25.7414938574722,56.7106222313244
"Russian Federation",7.40582844322999,9.69444906947044,13.7207853216586,19.8345710257921,27.5489131745525,35.1497302758483,41.617304751831,7.70547557663851,11.0027153557706,16.7000644421012,25.6231004721155,38.4337134757338,55.7006078017706,79.7858459131438,7.70547557663851,10.8968274099362,15.990669212817,23.4507784614941,32.75354211963,41.8690444749194,49.5596091348592,21.1896897734644,41.617304751831,79.7858459131438,24.9921723357593,49.5596091348592
"Rwanda",39.0241855463395,58.89854282535,106.441269310451,182.329608416794,270.543691241634,354.569889412565,405.722342142766,41.465165974826,70.0513392394277,137.298174972327,251.523114350714,384.886071805156,528.967199328151,619.811763608696,41.465165974826,69.4235095683827,132.975129037668,238.172815083882,360.045758957662,498.861169212463,578.192159593271,194.556600241359,405.722342142766,619.811763608696,259.895676372012,578.192159593271
"Saint Lucia",15.3993385264457,18.8939652797758,22.8674866300221,27.1634896738429,33.0256534217551,41.5873033087595,52.7413907090451,16.0430930962786,20.9573364500324,26.5831615258823,33.5933762642978,44.8877668780293,63.7461682447117,91.4775359660568,16.0430930962786,20.7277325949324,25.4368442974654,30.5869606137355,37.6110963236541,47.9308498174912,61.5992201842048,28.7075796628311,52.7413907090451,91.4775359660568,32.4586967294557,61.5992201842048
"Saint Vincent and the Grenadines",17.3916402081841,22.4206457499193,30.0117235955703,37.9041387107986,44.450695610914,50.0508135524477,57.7317506252134,17.6499358855969,23.7870825184585,33.6562956042803,45.5298047839282,59.0734731852765,76.2946882078465,100.935886527154,17.6499358855969,23.5773197991564,32.2618423529178,41.4756170733225,49.5044091691367,56.8133973433324,66.8419218319539,36.96760344393,57.7317506252134,100.935886527154,40.7265171475732,66.8419218319539
"Samoa",15.2021922783618,20.2760801584087,31.82498189841,48.5523400012829,66.4982408134171,80.6325705699659,92.4795023185885,15.7323025088691,22.6723333790551,37.7058947269199,60.5559883962028,87.6739434017043,113.418311248952,141.289155600979,15.7323025088691,22.5283891574273,36.6079970511727,56.8829451991365,78.6024542076752,95.788434406764,110.269630277194,49.5568426882969,92.4795023185885,141.289155600979,58.0820440044351,110.269630277194
"Sao Tome and Principe",33.9279950583673,53.4605049643406,89.9479072950746,140.091042523464,199.040365985253,256.337182758804,298.377468161303,35.5608055920121,61.4486529202181,110.234068614319,179.761312830241,266.020867386726,356.483610146746,432.220554758256,35.5608055920121,60.861070816256,106.365206527087,169.010915771905,243.848256719063,318.022792544792,373.540291468207,147.775400705387,298.377468161303,432.220554758256,179.621648475821,373.540291468207
"Saudi Arabia",7.52741323724857,9.46528651686766,14.4651259874799,24.8378640809213,42.0903278620714,69.3903531144201,111.141463261407,7.64149680854812,10.2019337243958,16.7865156266085,31.514596405501,58.5983587206378,103.514709859354,171.400953539842,7.64149680854812,10.0834508237386,15.8143366886913,27.7550227722258,47.7450265203276,79.9365655536551,130.833969836808,32.0497915123521,111.141463261407,171.400953539842,36.2668804717277,130.833969836808
"Senegal",40.3698165219754,56.9220073767749,91.627644690836,139.848849532386,192.77480824124,242.540587313518,284.076814121658,44.4351843496322,71.494056480168,129.19487793887,217.738698836501,327.921338489934,437.104875756613,526.139760068363,44.4351843496322,70.4521872487882,122.774666762739,200.842718945699,295.376956011364,385.740553765589,456.954480825247,144.742779430951,284.076814121658,526.139760068363,215.037416546836,456.954480825247
"Serbia",5.6771350382918,6.84003615100702,9.11196886240808,13.3911079533255,20.6786836338912,29.4518812511904,40.3575563211646,5.82469982139099,7.4536109428337,10.4615798538268,16.1365035197631,26.2682799843938,40.1846458865254,59.0780588788202,5.82469982139099,7.40412751291857,10.1356137308351,15.0920284309652,23.5277384625246,33.9385384481876,46.6576248315509,15.8947355703644,40.3575563211646,59.0780588788202,18.0196093170862,46.6576248315509
"Seychelles",12.8936235304829,16.3899489526379,21.2439763055319,25.944482461368,29.4941694193777,32.4861423896955,36.3297868718535,13.4598856471521,18.4513589451976,25.2581361316267,32.9110231439555,41.3277314262374,52.5502134857717,69.0669323982323,13.4598856471521,18.2405147612059,24.097755858424,29.7610860270892,34.0253589010552,37.5427563992457,41.955025596395,25.1117439057222,36.3297868718535,69.0669323982323,28.733494389404,41.955025596395
"Sierra Leone",118.615411715557,179.000788723018,264.02216527265,338.954249096377,389.69156925247,421.486221877426,438.781188513333,129.338995690267,227.225943766548,359.989913522532,473.381121954358,545.192967066613,583.040648874944,595.716860238483,129.338995690267,223.753803508696,343.244903891606,441.986086475643,502.466260143572,533.709693178029,544.877046680314,318.630998844388,438.781188513333,595.716860238483,409.032149439509,544.877046680314
"Singapore",1.87654848472956,2.06817971836571,2.41699270142114,3.1055335469557,4.14152559737925,5.62080917059168,7.78242337966058,1.9507461308326,2.34641631701618,2.90554390210773,4.0411309746659,6.00351378885279,9.29772810729985,14.6402979414228,1.9507461308326,2.32815415764814,2.8053895805572,3.71776044448196,5.09908411008078,7.0598657663248,9.84045710848952,3.4706081469427,7.78242337966058,14.6402979414228,4.20205081181857,9.84045710848952
"Slovakia",5.30159825224693,6.09749100456224,7.56195501807779,9.95442213282592,13.6634454559834,19.1697884126871,25.9326737541034,5.51202518851257,6.88560114207823,9.04923903119819,12.6950056278279,19.0222844128252,29.5272906502514,43.7606324570184,5.51202518851257,6.8236024396825,8.71953774166123,11.7227188990068,16.2940755504366,22.7833540342816,30.4439918516985,11.2894204048273,25.9326737541034,43.7606324570184,13.2686577330137,30.4439918516985
"Slovenia",2.02574737322225,2.35286563190449,3.122263753311,4.49491653205632,6.54944930897996,9.63127539421444,14.4258973984732,2.08540664535461,2.63464757223728,3.71671954612028,5.71785472198788,9.13479179859829,15.2461804669648,25.9732435324424,2.08540664535461,2.61929394487139,3.60851172954177,5.32837421901182,7.86186094906362,11.5520368008623,17.1293439758772,5.23015412409324,14.4258973984732,25.9732435324424,6.19401552867018,17.1293439758772
"Somalia",87.6236680058829,136.780151029541,222.105790646295,304.617664842867,362.032991582732,400.876620446014,424.434784452337,99.7604282378419,190.756627153595,334.41642107278,470.079092789237,560.119252929806,613.39029992495,641.450291096451,99.7604282378419,187.218206864872,315.924848784922,432.551019444057,506.711923458244,551.083572230022,574.455746928761,285.28264370949,424.434784452337,641.450291096451,398.697914156424,574.455746928761
"South Africa",32.7026225165792,45.8962224108485,68.0862576964154,90.2928452525343,103.630290750995,108.574810408639,114.267681363723,34.7985043051677,55.0438118891515,89.2003621006269,128.598519498384,161.306836659154,187.216687443698,222.246416998321,34.7985043051677,54.3825246795319,85.4753038770004,118.560603807443,140.264472025173,149.044719453395,157.071076403941,83.2960853038863,114.267681363723,222.246416998321,109.545524768509,157.071076403941
"South Sudan",73.3635249059419,105.08576089155,171.55300505185,250.751680802931,314.098189296634,362.173136268046,402.868609618862,80.918075415022,138.700911078146,249.325534743673,382.152770456243,488.4362380483,560.649202373323,606.50335489241,80.918075415022,136.093535690755,234.08694092287,348.011415791669,436.510584658787,497.232883247462,539.759987722431,240.732354462202,402.868609618862,606.50335489241,330.387072062308,539.759987722431
"Spain",2.66072326267566,3.01674891277384,3.60597713339064,4.48252449709541,5.7513373161185,7.56442920487295,10.2919256509587,2.76196387179543,3.40741661100961,4.31729122431089,5.59047826698088,7.5740832996139,10.9143551692165,16.7835232195931,2.76196387179543,3.37438169556186,4.15586904501177,5.23608290419916,6.82098969167713,9.10723884220263,12.4881534485773,4.88420341285027,10.2919256509587,16.7835232195931,5.73891243573051,12.4881534485773
"Sri Lanka",8.5330732729055,10.4445039086619,14.3923566912922,20.3491215329648,27.0989859904439,34.3242459348886,44.402582185033,8.69473436468018,11.2350475998986,16.4575964556,25.0072199555544,36.5480437325384,51.897240366535,75.5965671111708,8.69473436468018,11.1424137249573,15.7677256040275,22.742846345928,31.0673807824788,40.6802456364553,54.4935733549125,21.3218428116503,44.402582185033,75.5965671111708,24.2801224187693,54.4935733549125
"Sudan",51.3562761920741,73.2073047458989,115.638158770012,168.503932677518,217.277282449334,257.020986308586,286.755434030892,56.6391904036882,97.0536364119174,169.930865534931,262.540562938095,352.288277829291,430.489957266532,494.446036209972,56.6391904036882,95.1602211958379,159.104521475218,236.669153705164,307.814131011691,365.785912262886,409.097206267768,166.32953299027,286.755434030892,494.446036209972,232.906787930159,409.097206267768
"Suriname",20.859783217477,27.9660972922002,40.3890584591591,56.9357289683474,75.4853041858352,93.5261745829518,110.201962047285,21.2766718643683,30.0689530258957,45.9238897716448,68.1947460813763,95.4082738288826,126.266966011233,161.518283292826,21.2766718643683,29.7629445746942,43.8725646614802,62.5718052919595,83.7343089430817,104.695607874743,124.518905459561,58.8604726976988,110.201962047285,161.518283292826,64.9274462691918,124.518905459561
"Sweden",2.28062809172124,2.56256832852885,3.20793627688597,4.34726622463945,5.82351667714345,7.63185487278735,9.84872097095695,2.3436720787989,2.83222201949046,3.77451279955091,5.45080407727981,7.96350892028253,11.8850615505843,17.8734598903688,2.3436720787989,2.81618600893556,3.6656949125458,5.1041423482091,6.96872506725027,9.18105136695625,11.7721908225347,4.71462847599702,9.84872097095695,17.8734598903688,5.5471599407794,11.7721908225347
"Switzerland",3.67574332077025,4.03864545577348,4.81701972384581,6.19380539575544,7.9286636757713,9.55584271551681,11.1458151671525,3.7405774481538,4.30876964600473,5.34239033818113,7.19506396177171,9.89774814243125,13.363025131155,18.1925163971847,3.7405774481538,4.29262524555098,5.23867937668348,6.87633853091574,9.02126964251746,11.1809273739339,13.3874490868985,6.50679539333257,11.1458151671525,18.1925163971847,7.3219680339203,13.3874490868985
"Syrian Arab Republic",18.7231673240478,23.4522930448231,31.6654082275174,43.8804909718221,59.0424683957386,76.6365277162308,100.010858432965,19.2401890979662,25.7683347178148,37.0396685630968,54.9752292915119,82.8138328243143,122.998202255949,180.495157410235,19.2401890979662,25.5506711187578,35.5409393513248,49.9466908306993,67.8920742290435,88.9450727919301,117.444661820663,46.9354376712264,100.010858432965,180.495157410235,53.5750896643511,117.444661820663
"Taiwan",3.98622649897609,4.38266581066059,5.32084843325446,7.17368894268743,9.75179603309914,12.0565896910144,13.6323259235804,4.15054211287929,5.01013374373542,6.50538563232986,9.44865206086996,14.2835070141222,20.9163194339062,30.1609954504233,4.15054211287929,4.96753290951575,6.25741750881316,8.69034165243073,12.2037392858239,15.8038837977428,18.9929139130495,7.73711778214321,13.6323259235804,30.1609954504233,9.58458303086528,18.9929139130495
"Tajikistan",36.1964658649259,54.5107451970119,83.6366320058781,117.133667561068,165.020193085331,221.814089554212,270.65043327674,36.9963052161989,57.6060319516871,92.9860851199105,139.139786898993,209.86196277143,300.123196979003,385.801866687688,36.9963052161989,57.4685754093016,91.8432881505792,134.981119544429,198.747780519882,276.520629462695,343.770950553636,128.4230654807,270.65043327674,385.801866687688,151.912278617377,343.770950553636
"Tanzania",54.1694434019702,83.7671759673044,133.18375015569,193.424132175599,254.868672097228,302.613815361635,331.355406393,58.7118443278275,105.551362797765,183.85014695493,280.17761696693,380.134472085128,461.190667664947,512.747981737002,58.7118443278275,103.852050786384,173.838130007454,256.7435883379,341.221914174684,406.424953737405,443.714024514567,193.571509151491,331.355406393,512.747981737002,256.416127408765,443.714024514567
"Thailand",9.50371204800596,12.3355061473952,16.7274243783866,22.8186898628867,30.6106749802207,40.3070908627277,53.203046824896,9.79194204017745,13.610602983336,19.7487881129511,29.3911043418572,44.2688173276999,65.3541142120385,94.8814669565127,9.79194204017745,13.4466977745074,18.6304630713803,25.7116683405632,34.8600250661012,46.446790263799,62.3669712470844,24.5598772463234,53.203046824896,94.8814669565127,27.8191289032702,62.3669712470844
"Timor-Leste",44.8085450182812,63.3108452040078,105.02014679877,168.35683564051,241.330858223832,315.352653081672,379.639910848974,46.9178070287557,73.1122072800221,129.14607307565,215.159127981644,317.507675008653,423.805546664112,515.407449394384,46.9178070287557,72.5356207221162,125.155616036389,204.238520702847,296.511981990825,391.352586446987,473.286795865539,178.674267789759,379.639910848974,515.407449394384,217.958865179833,473.286795865539
"Togo",63.5341389936231,90.8882290559736,140.45945520293,197.517286309894,247.852864126812,289.099879523304,319.337451062969,70.2275624486498,120.146602646814,205.783701407838,309.475158195036,407.500562655688,491.850479502239,556.477135607281,70.2275624486498,117.880564595516,192.594967440543,278.10350232351,353.98140195405,416.19103887711,462.364950392346,193.163542843783,319.337451062969,556.477135607281,271.750295038146,462.364950392346
"Tonga",14.3880023415796,17.8443614612422,25.6919959236307,38.0367815604626,51.2972176622677,62.121256290307,70.7706319408337,14.8377336092729,19.6877161476251,29.8529607467109,46.6501516477655,67.6344505795397,90.873759645736,117.904887453242,14.8377336092729,19.5525063338664,28.8506970281914,43.2939985353017,58.8841168326949,71.6948268755564,81.9381652316766,38.998322579582,70.7706319408337,117.904887453242,44.4552291211222,81.9381652316766
"Trinidad and Tobago",25.6339430753191,32.0480929678489,41.4935534290856,50.9570003195216,57.9562778273461,62.1764739151441,67.7107640331779,26.3840909414932,34.9313650504485,47.3817909122253,61.0705780089516,73.9258113101878,86.8374229986236,106.108974005417,26.3840909414932,34.683022616471,45.8995563538801,57.0442082990452,65.3519558068319,70.4224786845213,76.8188166692299,48.9262796917893,67.7107640331779,106.108974005417,54.6802443521499,76.8188166692299
"Tunisia",13.8951577327472,16.0618964375166,21.1049188105193,29.5688100572268,42.2635536264006,60.4804962346551,87.813810901614,13.9982349427817,16.5030812332174,22.1268846340318,31.9716713626057,48.0312717162734,73.0482709605123,112.2424657843,13.9982349427817,16.4743816690255,21.911183206136,31.141532998546,45.4024810273588,66.3990743675168,98.1915221831342,33.8959350332637,87.813810901614,112.2424657843,36.2657306537166,98.1915221831342
"Turkey",13.0739205938454,18.0971895781699,29.3929909715898,49.1440238433178,79.5803819040882,121.774851644245,176.285541304168,14.1784694883764,22.9582612327995,41.1671250468838,72.8793806154207,120.930903069056,188.050415260336,274.763726067431,14.1784694883764,22.5323696441513,38.2397156300102,64.2710321946901,102.208161401837,152.580348879573,215.638115468589,59.5978875882822,176.285541304168,274.763726067431,75.9663255500524,215.638115468589
"Turkmenistan",48.3095116993034,64.5020232428843,95.3344482192664,131.602829162584,163.9503232097,192.505814115171,222.342487384158,49.8806241217615,71.4055384694137,110.708552669513,158.663759695354,205.927403575437,253.717145428499,306.565403673733,49.8806241217615,71.1437676110866,108.872638248368,153.257091910814,193.711651948316,230.402344513409,268.272365449492,129.579087589921,222.342487384158,306.565403673733,151.477498846399,268.272365449492
"Uganda",63.4649968890836,104.686516957812,172.854549606728,246.048736538501,308.995231832014,351.192991610407,368.123310722336,68.606100506967,130.303490793341,234.570155355689,352.137469972901,457.421009492151,528.577527125033,556.759640229262,68.606100506967,128.582248079331,224.372768740114,327.389089678442,415.621470933026,471.782993991747,489.816803315286,236.755605309092,368.123310722336,556.759640229262,313.549714284532,489.816803315286
"Ukraine",8.19074223311214,10.648902537078,15.2031368152146,20.5006960531774,25.6471477709089,29.9308207002205,33.6176453975408,8.47054495020033,11.8454943611461,18.00672666591,26.0439576333803,35.9340195691348,48.421806900376,66.2040297679782,8.47054495020033,11.7478763716807,17.3411684266539,23.9715556019457,30.7343115530272,36.5592585685017,41.5360108020389,20.3861407753199,33.6176453975408,66.2040297679782,24.0708341043618,41.5360108020389
"United Arab Emirates",6.17524961479559,7.54549791352607,10.4557982130828,14.6364856087031,19.7146946878947,26.8650508245127,40.045354799986,6.35359757095964,8.33212861410615,12.2423591769828,18.1540671926091,26.8508377101577,41.4533441386397,68.0727132145022,6.35359757095964,8.26101079164017,11.7773184697764,16.688052427436,22.6050105627242,30.8376182589433,45.8961538670383,15.8435054495439,40.045354799986,68.0727132145022,18.033802102104,45.8961538670383
"United Kingdom",4.01125018697398,4.70430999489653,6.13929818324611,8.09329380933894,10.2484547436343,12.3543067556294,14.766608688106,4.1274153820482,5.17642834256537,7.11217373695446,9.82830554855021,13.3029205804674,17.7416523763366,24.1372736105139,4.1274153820482,5.13916119536218,6.89426905678003,9.22209058457699,11.8260482662202,14.4193450394835,17.3571506922791,8.30793269734905,14.766608688106,24.1372736105139,9.50018282848458,17.3571506922791
"United States",6.10362826909937,7.29413749760047,9.70602970742654,12.7591719618686,15.8305833211585,18.3784373552499,20.3084446632664,6.29924748865342,8.096136224817,11.4066892095582,15.8915886696829,21.6961474454596,29.2151000279795,38.5722587144139,6.29924748865342,8.02798742974491,10.998962309421,14.6775046695579,18.4325371916529,21.6280947017761,24.0862032979898,12.7936719686608,20.3084446632664,38.5722587144139,14.7530172604306,24.0862032979898
"Uruguay",10.3078991931819,12.8828429380099,17.0509531253423,22.8276843437456,29.6880853524314,37.7100774472719,46.4100767109507,10.7239370002648,14.5575267039689,20.411055573302,28.7842037614415,39.8923729086003,54.3252482771632,71.5943355979104,10.7239370002648,14.4029002268074,19.5711322787293,26.5536491615,34.7989104669412,44.142174552423,53.9480478052192,24.0319286413602,46.4100767109507,71.5943355979104,27.8937533372802,53.9480478052192
"Uzbekistan",25.1309181595499,37.3481785961933,61.586936276089,92.7485300645181,128.604269314241,163.277454193992,190.166786593671,26.0679747130888,41.9247225108051,72.6373253448752,112.532361005235,162.363185457628,216.591717949143,264.911619955319,26.0679747130888,41.7472971367595,71.1365984418195,107.970641215056,151.950402112603,196.461224976843,232.257893700752,96.7130736890065,190.166786593671,264.911619955319,113.853232776616,232.257893700752
"Vanuatu",26.1087740332896,36.2294668072714,53.5951036037209,72.5227261002536,89.489246234489,103.694668961312,117.406336880553,27.059433949963,40.5729094941588,63.8782973007149,90.9664630498344,118.968000818819,148.010931436717,180.680465722552,27.059433949963,40.2827185604232,61.7894985747611,84.8571246743311,105.642010801409,123.137101091583,139.756322142425,71.1062423414094,117.406336880553,180.680465722552,83.1416907405015,139.756322142425
"Venezuela",22.4851904553575,24.2032497447637,29.619916910952,36.9848022574477,45.7443580625296,55.7224202665501,67.9152275303417,23.5125057636386,27.5285941145008,35.3675114065822,46.7659620746931,64.0037865540213,89.6098786912916,125.274159529553,23.5125057636386,27.2443487518834,33.9905233969382,42.7558414582273,53.196891253415,65.2340646157707,80.1052544685391,38.4549494484486,67.9152275303417,125.274159529553,44.4843338952469,80.1052544685391
"Vietnam",18.5922071274944,22.9909126938111,30.6806768397458,40.2368944825903,50.9386240881095,64.9275553987937,81.6271912604424,19.4668999810814,26.5251135788107,38.2287682686058,53.6543822432832,73.2798647870351,102.087081133657,140.323828861699,19.4668999810814,26.2707090883819,36.5671687837605,48.9711265140078,62.9649486558732,81.8166915459556,105.267128029736,41.9549327006101,81.6271912604424,140.323828861699,51.3181289175958,105.267128029736
"Virgin Islands, U.S.",9.13511018395782,12.0771067839295,17.2076779580281,22.8145236106217,28.4117419991572,34.2598297954763,42.2596929258738,9.41911485228216,13.2993630773138,19.9445144911954,27.7250648715826,36.3319498351823,46.6850370252202,61.5674664923462,9.41911485228216,13.2023467544648,19.3236051626141,25.9848809187195,32.5862613408476,39.4502480927837,48.8007696612535,22.9541760294426,42.2596929258738,61.5674664923462,26.109468453886,48.8007696612535
"Western Sahara",33.0040275173136,41.2002456877297,57.1478135628398,81.3288098376453,114.297540010595,155.021983665566,200.966212170803,34.3573107574948,46.723645369611,69.1304855926012,104.213150175704,155.256185821047,222.80598661694,302.034440235452,34.3573107574948,46.3736381970063,67.0328467417307,98.3463005667352,142.040916610515,197.163635790173,259.405729316127,89.7992785528751,200.966212170803,302.034440235452,110.191467581232,259.405729316127
"Yemen ",49.1713475293457,70.3839874329206,114.118476251735,181.355260780305,264.524577057832,343.075710255852,408.214254743029,52.0413333359478,83.2366614359209,145.287357669113,242.784982588327,366.286231872951,482.513688412536,572.858598362154,52.0413333359478,82.3684939122985,139.827210544975,227.572296765448,335.386072256846,434.164741602342,511.514029123336,194.691602355729,408.214254743029,572.858598362154,243.863763016382,511.514029123336
"Zambia",64.0009562193305,100.783445063469,164.592476239946,238.216759669011,296.940565008877,326.808163432315,330.646152187907,69.3542145460784,126.769450288172,226.501367187503,345.152320721268,441.433646368086,490.569753173785,502.085851257139,69.3542145460784,124.979781352523,216.211262097809,321.230358342884,403.215457538892,440.561276239591,441.445745650942,225.468281882724,330.646152187907,502.085851257139,301.23962711434,441.445745650942
"Zimbabwe",55.5071378286096,84.9828217976406,123.506466754539,151.303987573225,160.620252077533,152.072178305442,139.61321825614,59.818013289469,106.217290514956,172.74769144168,229.366368759371,259.27518936159,262.933344552543,264.964518532211,59.818013289469,104.893659915537,164.690569197726,209.336340338339,225.157253882702,213.698622288094,194.78892915698,134.497141301676,139.61321825614,264.964518532211,183.55528912448,194.78892915698
