"country","mim15-19kc","mim20-24kc","mim25-29kc","mim30-34kc","mim35-39kc","mim40-44kc","mim45-49kc","mom15-19kc","mom20-24kc","mom25-29kc","mom30-34kc","mom35-39kc","mom40-44kc","mom45-49kc","mum15-19kc","mum20-24kc","mum25-29kc","mum30-34kc","mum35-39kc","mum40-44kc","mum45-49kc"
"Afghanistan",61.6212814191529,89.5814695397592,154.636307363638,238.246000930101,322.4668785093,388.59011368813,433.379618384944,64.5997701605013,106.606060814486,200.310775871401,321.674649181834,444.027806021311,538.520396937987,599.643897142546,64.5997701605013,106.127218451387,193.577258749817,303.181578919362,410.46947794739,490.886400656635,541.94950437031
"Albania",8.22253468824905,9.78446976985404,14.9994597815199,23.6846279813062,36.3441132994985,52.4977341988889,70.512082867923,8.69738350231952,12.0980362889583,19.7122755022674,30.8676144733299,47.7637639692051,71.0648450367789,99.3130983188187,8.69738350231952,12.0570927377444,19.0759125054448,28.961867448722,43.2812233287392,61.7993917789407,83.0180490185697
"Algeria",23.4170722496834,27.3783518256234,36.8396835987027,50.9705340979506,68.7016367851145,91.6167132565495,121.674138640042,23.7701145416889,29.2948224611804,41.2974181734519,59.5198223842936,84.2947751359187,119.340221414943,168.759045884069,23.7701145416889,29.2649529317697,40.6512745779351,57.3801457613515,78.9640377185526,107.704606669569,146.099394616699
"Angola",76.8153826213937,133.919758095357,228.268594937691,335.627325611968,427.196808155937,488.206586431837,514.983090642448,76.8153826213937,160.721075497085,295.827084881854,449.355098042406,577.162759886861,656.824370677964,688.046112860165,76.8153826213937,159.908028357726,285.924059317956,426.10510695856,540.668487167384,610.360811738815,635.478432023429
"Antigua and Barbuda",6.17610324797046,7.94375604083089,11.5219652051681,16.8011872183755,23.5981742319957,32.3034772830043,43.8551507054783,6.50484885344653,9.46387889553047,14.6151128632058,22.0207316940248,32.0173526107143,45.5844784792828,63.9414820682552,6.50484885344653,9.41310931936776,14.0165371326393,20.2762325831973,27.8345525080426,37.0127483216916,48.7734796622311
"Argentina",11.8689511065278,14.8887413819515,20.356614868408,27.7649015733497,37.2755297077788,47.9761658711517,59.5273263676864,12.1529356834811,16.326640413787,23.5749690508245,33.6449879300359,47.8620192299959,66.4872073714262,89.60906851274,12.1529356834811,16.2760517522772,22.936929142292,31.6900151748004,42.8697680610186,55.496125635188,69.1805660087277
"Armenia",11.8317030106695,15.2080625018985,24.835453555276,38.8819416550982,55.2122652775041,76.0347645423462,95.7422145767588,12.1789858402578,16.9811412393738,29.0915074369092,46.0465689333355,66.5949526372886,95.8118230339528,126.809436516942,12.1789858402578,16.9479297330827,28.4939403206605,44.1328874038762,62.0683869907616,86.5123883862031,111.253740700325
"Aruba",14.6950024997785,17.0557260398487,22.2601845098085,29.246379781265,35.4825485721868,39.3521895961632,42.5286898482012,15.0073120608832,18.5448442058803,25.5505471835135,35.182912980671,45.0970537376571,53.7419487849149,63.4181628273047,15.0073120608832,18.4985951902855,24.9134649500529,33.2863233635472,40.8926938356359,45.7970651901597,49.8053571461149
"Australia",3.37713853948345,3.81347865345197,4.84600450553734,6.53263322995847,8.87355683754086,11.2747592188342,13.7508465101751,3.45197885627024,4.17449379359594,5.61480376943941,7.93164734922497,11.5061878036018,16.1983121423411,22.6033663995057,3.45197885627024,4.16362931149547,5.46393205664519,7.50132907961181,10.3750277494723,13.4316597606483,16.5830660664593
"Austria",3.32958985787206,3.56023344771689,4.28040188958263,5.60356913871228,7.29188461190751,9.30026771385247,11.885257065693,3.39716836452754,3.88418504502264,4.96386793252937,6.87546468928368,9.68502558741909,13.9686114806396,20.5221981835949,3.39716836452754,3.87620141112379,4.84166061586391,6.48232773126528,8.58652869338457,11.107101767181,14.2342216564283
"Azerbaijan",27.3063481434267,37.9521535099199,57.0849347079123,79.4637965908163,107.109914048388,142.223299913043,181.639386369811,27.9204688440551,40.9000156028462,64.6508950921455,94.1795560381108,132.661674707251,181.847345752455,238.591453063773,27.9204688440551,40.8257616754583,63.4894288661165,90.6715757260782,125.390886652876,168.881595029255,218.16119236506
"Bahamas",6.9625444689173,8.9828764916887,13.0810427044812,17.8517882879765,23.8503626499948,31.6681615225871,40.3329423379432,7.13182023020139,9.91605704809446,15.6750980952849,23.2205774495896,34.6617056487384,52.4011841421856,76.1774323714535,7.13182023020139,9.87837827928374,14.9933116925127,20.8554731492342,28.1380715315487,37.4945240607651,47.9480143160657
"Bahrain",6.52783995865786,7.66807407169635,10.2932926985099,14.3908544709668,20.2837548085321,27.9705913905518,38.7687601470594,6.71393562935667,8.63859608599717,12.7505117923342,19.1924412277657,28.6726794540612,41.9064432425472,61.6052384963983,6.71393562935667,8.62094785373777,12.3704947320789,17.8660886229373,25.3582472934826,34.7352816839315,47.4664499981263
"Bangladesh",33.3466345538397,49.0691412499011,75.2777886458859,110.538110601756,155.419737772656,211.461406857379,276.042930015522,33.3466345538397,55.9429309367553,93.8322540157358,148.002489651414,220.151529398937,310.561280708214,411.001820215729,33.3466345538397,55.7072909273419,90.4062399596228,137.771051192138,199.22766826932,275.980205864439,362.645306921982
"Barbados",11.2193883488221,13.2874808291988,16.8394713679714,20.7926377135497,24.2085243808131,26.8226822298537,29.2625010310854,11.5547893235359,14.9131058313983,20.3193052764954,26.6614472581639,33.3076490448987,40.3993968053368,48.9655078334018,11.5547893235359,14.8524671753069,19.5692490185449,24.5701848747839,28.8630408150185,32.1115353034263,35.1195940624969
"Belarus",3.08418303741884,3.81792919406934,6.06951728189818,9.95356933958934,16.0337980251422,22.967127398618,28.7701864893408,3.18854883246591,4.3596597178155,7.5459933211446,13.2509703603046,22.630309085588,35.5429245655195,51.7219604471054,3.18854883246591,4.34433648128148,7.26166078869077,12.1847246740591,19.6383389376441,27.9954241033905,34.896039924489
"Belgium",3.15946173470589,3.51777438847383,4.39211488853268,6.0735731437438,8.17287636622155,10.3061817609497,13.033027263597,3.2358319953801,3.91425270116503,5.19767803430968,7.61056263842874,10.9830559880105,15.2383738800351,21.6252062533823,3.2358319953801,3.90595803343378,5.06557405161916,7.20197619768639,9.87840154838727,12.5442126295818,15.690617543594
"Belize",14.9683184636479,19.5505108295767,28.5881036256129,40.8349735255745,56.1820864214456,76.2171527823376,100.012717632496,15.305887648584,21.3576214399782,33.2249000810591,50.8097069727119,76.921708568924,117.035396556626,171.242017460964,15.305887648584,21.2891123572205,32.1287068434827,46.6367399202901,64.7897059707025,88.9057558369971,118.402680571117
"Benin",70.2083700756178,97.4427982945747,156.540650714154,227.27606369968,288.717363284524,337.243055057697,373.968689776287,75.9661452011001,127.504857507837,228.689517934488,348.104554977223,453.220188417438,537.043949720373,597.594922035366,75.9661452011001,126.661590290055,217.671400845378,320.667571509318,407.521948141299,473.783699660327,520.861591677499
"Bhutan",27.9891169030933,35.0772444156611,53.4733800780708,83.6894051203634,121.819084275718,166.446496650386,217.035292275329,28.7127677201767,39.0093921689816,64.9321017986436,108.539165236125,173.993589033555,265.55135666543,368.529350147035,28.7127677201767,38.8843776122165,62.6269352918706,100.858663793519,156.065169861954,229.83568449126,310.705043535106
"Bolivia",33.1842111288733,42.776653944881,64.9736935804705,96.6268215107719,137.989906566551,186.796593784542,238.647652613858,36.6208638462876,59.9412722108466,104.056188982986,163.87206057687,240.117279936636,328.858482065826,419.664282394394,36.6208638462876,59.4421248741285,98.3976496608684,149.448816912738,212.99265834006,285.229799794532,358.625142243229
"Bosnia & Herzegovina",6.43925698934411,7.31833036650556,9.69237272434448,13.3100827657073,17.4674043196391,23.6032914836419,30.6923946364788,6.53983962420724,7.79295250418034,10.8040528442009,15.7405050288867,22.3779072379364,32.2455429363828,45.151445114336,6.53983962420724,7.78169589463552,10.6328654732991,15.0444790403073,20.2021284522982,27.3289257361894,35.6787554212404
"Botswana",34.6475231221779,44.7811503334298,67.9344908565869,100.382703460104,128.463413844789,136.226154846293,127.092044166208,35.8987144141027,51.0339162356366,83.810092013907,133.350605703708,185.253584993377,215.665392355635,228.151326359275,35.8987144141027,50.8974946516423,81.9183209848834,126.951318499652,169.382796891274,185.098155882271,175.756686419139
"Brazil",15.287727712376,19.2427405721686,27.1863417225385,39.805562524844,55.926036859879,75.0113999095502,98.9419681428263,15.6746476610881,21.205647137964,31.8726705266156,49.2948356919813,73.6688358958316,105.376454178721,146.428555230636,15.6746476610881,21.1324882027026,30.9733887302818,46.4099192667122,66.0021134403311,88.7145583983456,116.730015751618
"Brunei Darussalam",8.53591783737046,9.52080018340013,11.995256119522,16.1912997930961,20.5869947130968,24.2144334133474,28.313024457068,8.79169296457436,10.6389702791024,14.1975975589168,20.3720568041541,28.2028625892625,37.9569540534214,52.6643768364848,8.79169296457436,10.6065197399441,13.7507338200236,18.9126862326345,24.3879023976693,29.0931863964106,34.5255754017675
"Bulgaria",7.66327208962374,9.3741797137509,12.1879211246894,16.4738744398441,21.6739355873586,26.7318644594746,29.9215604230806,7.87055872304278,10.4199985933454,14.4535721116676,20.6187596134671,29.294440398148,40.6447424713471,52.9721369201056,7.87055872304278,10.3822344827939,13.9810522290518,19.2051966932261,25.766614452885,32.6221558083695,37.3261263631067
"Burkina Faso",77.64130725168,123.742893640976,199.515039238928,279.894967367073,347.518084013893,399.567464748379,434.2588104795,77.64130725168,173.22414558553,320.75426228402,467.806329991314,579.191998557122,653.107180156053,691.890339093363,77.64130725168,172.029444501624,306.594273035417,436.835045145272,534.905011527662,600.062926184663,634.530051748732
"Burundi",48.106272613038,67.0281326338984,115.772456940716,187.613931484185,264.35341127148,331.092000086419,375.6046817905,50.6330364117149,81.9330061051081,162.578208995763,287.060358994362,417.219826062001,520.484418636604,583.99627151497,50.6330364117149,81.4588974892658,153.116372445877,257.842191109678,367.160663280605,456.667902190769,511.410689263482
"Cambodia",29.0718682731694,42.7048217369523,70.9989330161105,113.611713098222,168.160126559901,222.335009804586,272.794932286521,29.0718682731694,45.4263464853745,82.5514175162404,144.382115913773,232.773199010258,330.136629377217,421.746692462072,29.0718682731694,45.2637267335675,78.703010444113,131.244053937328,204.00827563387,278.753117584562,344.278765603136
"Cameroon",80.2041725368591,122.966578853787,194.264523555701,275.008508361073,335.852264268317,371.461251146708,385.616025121686,80.2041725368591,157.736956920169,274.109560037641,401.651797031239,499.863305250705,560.217381621747,590.572533016013,80.2041725368591,156.648052160658,261.444572085564,373.271371294066,454.727264779352,498.420994074422,513.22921385471
"Canada",4.64549740388987,4.98058594497937,5.9609664210296,7.6662032391124,9.77485143272901,11.5404790058386,12.8546854236286,4.71751453801465,5.31902855105964,6.6384304891336,8.91910943832307,12.2387044572816,16.3843850050254,21.5911863602627,4.71751453801465,5.30940566338059,6.51384699001411,8.5304564752036,11.0792822840692,13.3421389724194,15.1292155664306
"Cape Verde",20.3205817766886,26.5158225533356,37.0686938413537,49.9072820890736,70.1265149558933,100.393059216971,137.492751249278,20.9578141268945,29.8975791818844,44.8496052925892,63.6303998676838,93.5859477118228,141.169515739724,203.282406676833,20.9578141268945,29.7771919793443,43.3266382207387,59.2703115641526,83.7973814876953,121.360318618387,168.180609583085
"Central African Republic",98.8286966311859,137.245077477691,202.700406176042,263.695083570066,305.946078695812,323.225443236121,322.7200421546,106.847839011263,180.384473743712,297.734582611525,406.092407495143,479.458934223909,511.30105939287,516.189683232079,106.847839011263,179.11369527625,283.263538928924,373.593144116143,430.778805100652,449.582136632957,443.37905127863
"Chad",87.4273872611826,145.686798311898,237.373121233196,329.698744054578,396.02160107869,431.342379054771,443.800550832349,87.4273872611826,198.291503192503,357.123779623365,505.208538594778,597.976002725672,637.957453533839,648.666498512849,87.4273872611826,196.535538803337,337.162119239588,463.470039774786,542.324167943027,576.139347764206,582.813573863473
"Chile",7.33301982324368,8.5589869617359,10.6623749881031,13.528372921362,18.0768848585262,24.104387523969,31.5132235704066,7.50976279237734,9.47217150553444,12.6406731357005,17.1305026963207,24.7239421249332,36.0947757715807,51.4597617984612,7.50976279237734,9.43594657856929,12.2043335312116,15.844793747202,21.4638534584387,28.8326277386592,37.7081993225198
"China",10.9258839630787,13.4284613268884,20.3726912860942,31.8959714888953,47.4483890315525,65.420309643643,84.4168437180051,11.0352159991216,14.272751639557,23.072323364844,38.1653567998679,60.0400972800836,87.5861793558001,120.097730248273,11.0352159991216,14.262946493256,22.5654499747201,36.0895790877185,55.0568787648013,77.9173288263339,102.670663186668
"Colombia",14.2068382576088,18.8059683149836,25.8858854761254,34.8978837380484,45.0308088743054,56.4909966775315,69.095756206715,14.2068382576088,20.7543643452306,30.6544150835913,44.0183158435254,61.5801509994686,86.2432774463384,118.950097121624,14.2068382576088,20.6608889579765,29.3515890190164,40.1803803068023,52.4374970715486,66.4825710962579,82.2407546212895
"Comoros",62.6829185113546,88.0433245693006,132.425481754051,187.142860845993,246.548002953,295.101839674581,338.558179415741,62.6829185113546,105.475687317036,173.249909996687,256.213030881109,346.768030333971,425.930294102662,497.161653734828,62.6829185113546,105.006368694321,167.321762482711,240.604963738496,317.716838892103,380.198736276402,434.024442974318
"Congo",47.8299965502979,77.0708499505949,126.423853357769,176.335286325,210.836436556343,228.0509784168,234.538407789796,47.8299965502979,94.9448036648725,173.385106923653,259.761392739041,328.476846388398,374.977333279368,408.218863605756,47.8299965502979,94.3543340546125,165.437481536168,238.704825684336,290.004792300033,315.13141192081,324.053983371449
"Costa Rica",8.87876649661494,11.2060447655223,14.6971536106964,18.7603493736866,24.0601176995371,30.8573557305354,39.1529106131446,9.19172100689387,12.7419718007762,18.0343105223957,24.6519084142144,34.2558534649709,48.1911609919937,66.8189151131641,9.19172100689387,12.6864015039829,17.3488266935252,22.5916770022759,29.2650547806694,37.5606581715368,47.2704348793902
"Cote D'Ivoire",72.5518337490614,100.132834580117,151.949786225039,213.364018627308,272.592234658473,314.826736524157,336.92735611199,77.5719652812521,127.461021031731,216.240617923198,320.854150154684,419.119598485317,489.805261268129,529.739790748795,77.5719652812521,126.582347902397,205.4639661135,293.738716692211,373.82794439487,427.272327617421,451.701345443412
"Croatia",4.11084816538866,4.56273211321636,5.99125617949811,8.33398068170692,11.2902448834186,14.6516758803054,19.4622480564954,4.18283843886717,4.93812708895055,6.86797478433633,10.065535124395,14.6426331041018,20.8774663505478,30.7996389290838,4.18283843886717,4.92741293015961,6.69807313352043,9.50630786815424,13.0213241464674,16.932331127249,22.3845938807967
"Cuba",4.90283081527553,5.87690872703968,7.56131231878704,9.50338698155317,11.9737046272249,15.1152804321992,19.7397772069125,5.06900265625802,6.7004368094745,9.40333986255084,12.870737745989,18.0712297849671,26.1237368982939,38.4995927207074,5.06900265625802,6.6688234907973,8.97814494317679,11.5376611538562,14.7910998889497,19.3088877783276,25.7700222790477
"Cyprus",3.92845640016922,4.31393850475064,5.19172702354733,6.89544434484926,9.58701179997077,13.9467843729208,20.3168564795128,4.00000455984038,4.69356317666953,5.96295653196357,8.29787004380005,12.1298415934424,18.6601024553236,28.8035510896862,4.00000455984038,4.68784964365205,5.85488256800174,7.96148625129126,11.2325245630278,16.4486889370833,23.975601069016
"Czech Republic",2.42032552124879,2.66298441146442,3.29293280412088,4.49994857799352,6.54434560693684,10.5931879076591,16.8084389774595,2.48677376597938,2.96755661565887,3.91224120556156,5.707194157244,9.15748870381656,16.8359221591521,29.5736022148141,2.48677376597938,2.95925062242625,3.79554523167632,5.32271335448857,7.87528647339182,12.7167148730278,19.85699350117
"Democratic People's Republic of Korea",15.1498979398942,17.548883756146,25.0007535017586,40.9256612606729,60.2256268048363,83.2339993898213,108.12265364427,15.2031830375455,19.6594237115012,29.790490156725,52.3596591137554,82.5613673387389,121.682552179627,172.443512947876,15.2031830375455,19.6558795252976,29.2021831898179,49.8165946287539,74.7615472069515,105.10910740463,142.475896234842
"Democratic Republic of the Congo",78.7965085876509,124.262197389575,201.421316708122,288.083311558354,364.973133422657,418.196066176793,439.208118853057,78.7965085876509,163.499512103611,292.853967593067,433.077594226129,552.198022656936,629.10143750613,659.838305193486,78.7965085876509,162.367639163124,279.243034890664,401.928797380337,504.599194831935,568.556213395298,590.243814523001
"Denmark",3.3661372201143,3.61430969811874,4.32966393980096,5.88874765829915,8.02715194150481,10.1412167587156,12.2854956715454,3.4199810678969,3.89359837750176,4.86351386190223,6.92489864929989,10.0505412319941,13.9854270453475,19.297156493999,3.4199810678969,3.88888312405604,4.7858180735867,6.6745453225773,9.30512870843032,12.0056860659954,14.7472826450897
"Djibouti",45.3636660067333,56.9069693057562,76.0882185993373,108.452407254407,155.111794921691,206.134157649255,249.905238047354,48.3861684679113,71.8240395799958,107.649748149367,164.816423714739,247.770168011511,342.186101700139,426.938681516868,48.3861684679113,71.4701187063247,102.967597102491,151.692473193322,220.077461388856,293.618584971392,355.00329309022
"Dominican Republic",29.1158597775314,39.9963323281236,56.7800130678033,76.8728588406296,98.6970352402407,123.63433221429,154.241460316269,29.1158597775314,42.7519159420229,63.1440998756264,88.2466067717694,118.555412104511,157.530959939897,208.242220018839,29.1158597775314,42.6395532226109,61.6498781565112,83.8779113109894,108.551296955092,137.057651233089,171.593961899908
"Ecuador",15.4677863044261,19.9659979675833,29.0132610923592,41.2257560761667,57.6508989343268,79.4953575204905,106.778970378529,15.9216914750317,22.4809693173226,35.487538190292,54.3056427079599,81.7920718991229,121.17039542526,173.265869899434,15.9216914750317,22.377268932106,33.9551317362081,49.5660055834089,70.7438237660014,98.7534144638039,133.879631803713
"Egypt",18.8260154379407,27.3186553237121,42.7337215772756,62.9172524184787,91.6893777257556,135.912331230831,196.060132342431,18.8260154379407,31.0786791474029,52.6468162907308,82.5496286816844,126.05568107,192.847536633648,282.96189888632,18.8260154379407,30.9951782797697,51.2109158671398,77.7015765824646,114.966947456228,172.248701462007,249.958425967449
"El Salvador",17.3079960301971,22.4974183465519,32.103043592541,43.4322422055991,57.9593918546549,80.2860093978678,115.362621533372,17.7133404092525,24.6309651679942,37.2424823115719,53.7033966590725,78.6884493266099,121.475708446073,192.503122835407,17.7133404092525,24.5505590261779,36.1090242877275,49.6744795501832,67.3093247130894,94.9623768739758,142.731518865762
"Equatorial Guinea",82.0951603996656,117.498849969265,178.376463695024,244.062852582709,303.279641233254,347.678002940362,375.609272375927,87.8385704413321,149.753096731922,250.265528024463,356.617766017804,451.470769541876,522.79872167065,569.253933290886,87.8385704413321,148.705741525185,238.542214553938,329.977296534302,409.184499137676,466.660870296712,502.206895993422
"Eritrea",43.0003355104739,59.1821287376071,94.5308291805957,139.640128264638,188.626267772131,240.012171084684,288.509168573058,44.579246690231,67.7054299025306,117.268581953092,182.977037556468,260.655234781425,350.795915771973,440.617059360764,44.579246690231,67.4868960175054,113.853362561733,172.471234204419,238.304569724334,310.223001540359,376.832085318018
"Estonia",2.53295878338443,3.23055472582895,4.68909249946404,7.33446990762746,12.0513140399029,19.6321767719506,28.6594527483198,2.64026719460191,3.79755396379483,5.95272423107918,9.84058164628041,17.1738710192742,30.3451800861755,49.9962509462599,2.64026719460191,3.78141663040847,5.70759337986843,9.01494423594298,14.791734013736,23.9524354480659,34.7444374112125
"Eswatini",49.5195589180062,69.0716090374348,110.88656272979,152.559291289516,169.857323854078,161.575788863585,150.967996897415,51.9327566332959,82.3923988477587,147.833916860121,220.73538145248,260.967190105307,264.870312701025,271.347263314523,51.9327566332959,82.0448048823662,143.194645377048,207.148750788434,235.714549037188,225.86229895508,210.266252536285
"Ethiopia",44.7408264411786,63.1937602605955,107.770013030141,175.331581115451,252.122000589279,318.568935063333,367.585868792373,47.6865762509178,79.3299743602023,151.875310051872,263.583199048734,390.297049828459,495.244079074285,564.794264387734,47.6865762509178,78.8623995778436,144.480117531468,241.041712036045,348.245019488066,437.458043095785,498.608614448462
"Fiji",21.6165928470989,26.4352076025216,36.1083958312437,45.3854618163713,53.2203364863012,61.917992780649,70.8055295320399,22.1573647621612,29.2185322532528,43.4946589708793,59.6118316400453,77.9336177830295,104.835755282165,139.121827730373,22.1573647621612,29.1285247304731,41.764808236927,53.6041547048215,63.417438139256,73.9769410385894,84.7348135135388
"Finland",1.88221272885357,2.1437166290539,2.79742983663295,3.92530965599999,5.43582262773551,7.16069229476199,9.04229980578305,1.93632151671282,2.42634331678309,3.40988192212002,5.09510556890756,7.65750060172585,11.51265075834,17.3865180219721,1.93632151671282,2.4203463668912,3.29862530890742,4.72684924755882,6.61913130240601,8.73840016640011,10.9595841382838
"France",3.29604616151968,3.62830716195815,4.47157941573965,6.08876297577757,8.07210950157829,9.96517877657777,12.1805547574656,3.36006462215593,3.95626227135388,5.13663797004059,7.36608645044104,10.4382852463494,14.2495254826237,20.0648341234386,3.36006462215593,3.95039976758088,5.03425091867934,7.03223719950779,9.51644587157946,11.9349653306233,14.6800822972372
"French Guiana",9.56596688276952,12.1863993773467,18.4516810154978,28.9379973244254,42.3791271511369,56.6608760097332,70.7074144735725,9.77826385554334,13.2911542023715,21.2149639795127,34.6223257210506,52.7690892800675,73.9550317902825,96.9369548960925,9.77826385554334,13.2502089760714,20.6224217308808,32.7126845852511,48.2648886726808,64.9971508014692,81.7118009192882
"French Polynesia",7.02720481669671,8.34900080838638,11.5360625076984,15.8321038701476,20.6892093513685,29.3981479677727,42.7787521351339,7.11239673037274,8.77538847413526,12.5901376759383,18.0206869515732,25.143201965822,38.6835487764652,61.783704365127,7.11239673037274,8.7604596761427,12.3508131674212,17.0954769843271,22.4825618930332,31.9792757099916,46.4928673306006
"Gabon",46.2139672935135,68.2259500153131,104.402070165604,148.109467922855,191.060252906273,226.673844084608,256.618401795128,46.2139672935135,84.5562247341402,144.179087881876,218.83422905759,295.813945695996,365.315873201891,426.281969421875,46.2139672935135,83.9791393123133,136.585575764965,198.280389465189,257.083529858036,304.37500060335,342.354132925757
"Gambia",52.6992827180958,75.3202681052946,119.183581682343,176.668657327886,235.742529913859,287.410652802797,321.651503793055,52.6992827180958,98.4612464163874,181.653230315141,294.47054648132,414.246921667414,520.414158887898,594.195142840455,52.6992827180958,97.7359827174101,171.145408523343,266.371022838638,365.034137406578,451.885266260216,512.40089723699
"Georgia",11.5378174485293,15.5022554567304,23.646746446105,34.7837019880223,49.1755156668432,67.8031740063345,85.0976341095868,11.6698848193728,16.3729498999747,26.2830656534854,40.5560969429704,60.0091688908708,85.5728332084282,111.313118556379,11.6698848193728,16.3418465203474,25.704998688414,38.5682300222489,55.1310315386471,75.6462210535612,93.5688466674935
"Germany",3.38735798159191,3.5725341610195,4.17280428236195,5.32781413385264,6.89513491308004,8.47024815420712,10.3088648436619,3.46530912212516,3.91736165252513,4.84200986232347,6.52696339870753,9.06548368995342,12.3699865694255,17.1609114506287,3.46530912212516,3.90856599184814,4.72281722817267,6.17144298815261,8.1378153322445,10.1666137149894,12.487594733783
"Ghana",44.8657052988446,63.1234318958336,95.1662991068407,139.193011312204,186.703310781302,228.748579477067,264.914511701791,44.8657052988446,79.2126487045009,135.816482972156,213.904989222092,302.462585473799,386.879926305878,461.063844650472,44.8657052988446,78.6957866815483,128.433021724085,193.47251392577,262.78526593361,323.725662066561,374.979082021998
"Greece",3.10847686625503,3.37039101790305,3.93415903039845,5.07813343227515,6.94834313882716,9.76817426570225,14.2451629482482,3.16387517557138,3.64699364613121,4.52323545416851,6.13689421901134,8.91869389872586,13.7295650253915,22.362719924414,3.16387517557138,3.63723370046293,4.39038791346899,5.77022816569074,7.98130234742062,11.2423169170996,16.2223798021713
"Grenada",15.131905513377,16.7075356306052,20.6699775977899,26.0835503457472,31.4514228451357,38.0857714093296,47.1347385170607,15.2985274959688,17.6345930705893,23.1062418758028,31.1992533005613,41.6574973588152,58.1118331600732,83.6194001173323,15.2985274959688,17.5885629130267,22.3547440754995,28.8040876531932,35.5525727558291,44.313952456207,56.8803305390695
"Guadeloupe",5.29159299844457,6.2618090320163,8.47633014032774,12.083852779021,16.930917476673,22.5285603706969,28.9920738606599,5.34142916373488,6.55023403362433,9.29692800620554,14.0378582974702,21.2264491611383,31.3905823298956,45.9454459951806,5.34142916373488,6.53985595419776,9.07128377105841,13.1365206617875,18.6928276085053,25.3400203730585,33.3305746277937
"Guam",9.77181665107402,12.092476243537,17.2289441453277,24.7985687077835,34.8991049050369,46.4518639502276,58.5229857941524,9.96962580674027,13.1014831503909,19.749506624722,29.7244106487307,43.7112890109025,61.2399710511355,81.7818931552387,9.96962580674027,13.0702214464712,19.2494589948437,28.0939879400577,39.830173741654,53.3830392374244,67.7954995118678
"Guatemala",25.5729880049301,36.9043268591996,55.9524210816988,83.7660277289123,119.899068300599,162.260602606511,207.97779691528,25.5729880049301,41.6227548987359,67.5276854428398,106.751938540656,161.328413641786,231.237582745187,313.144344745274,25.5729880049301,41.4740221031909,65.5656053245778,100.39203919926,146.041432721511,200.41203872512,260.130582987127
"Guinea",74.030786725443,115.721410043078,182.72627282345,265.240636764509,347.666194278039,414.483199199278,456.911653481321,74.030786725443,154.243732494153,272.169788217324,410.743883867926,536.035726741394,624.704079122478,669.460598230285,74.030786725443,152.977016066079,258.39500775684,380.195401199368,490.726177128423,571.087294338787,613.628566960626
"Guinea-Bissau",69.5223378697821,96.5105416706402,153.274116040527,227.833120650868,301.275706887362,363.016936961174,404.381404337348,74.2598556077658,122.357659088798,215.073478892663,334.022600918819,450.289478786837,544.385179599701,604.53161862639,74.2598556077658,121.534166627256,204.923984487466,309.354060624724,409.435091540142,489.385915824849,539.53844855977
"Guyana",32.1096378421131,42.1129667731551,57.8770410683551,74.4298986666553,90.899441615893,105.583387544389,118.621213580348,33.0793705592073,47.7343622001411,71.9776650236037,99.0649933289533,128.115517362844,160.497277575764,198.531090742016,33.0793705592073,47.5177237377798,68.6775463602506,90.0279603466802,110.999565736616,130.14603455274,148.0109075601
"Haiti",60.3910815366435,74.0476654649433,100.277704564333,134.731097190314,174.329202621891,216.429662452545,257.584564699217,64.7707331202068,94.7791578612163,143.825327260939,206.132643527529,278.15733409618,354.250556865107,426.787660080033,64.7707331202068,94.1592149587882,136.534155821878,187.136503964577,242.243814955409,297.685703322894,348.764174034629
"Honduras",20.2413335175146,30.325669806303,47.9537568993175,72.4830663976909,103.564641888707,139.819137178711,180.732283254805,20.2413335175146,38.1317647852198,68.3977107469478,110.679757051835,164.050612352721,226.461764075122,299.584638938012,20.2413335175146,37.8652902952933,64.5208446742714,99.4195787895752,141.794309526734,189.116746333272,243.404049618326
"Hong Kong",1.45170858412327,1.56843041813614,1.80287835417344,2.28530089934566,3.08953990144302,4.24334261339297,6.08990509823829,1.54082970728997,2.00331318360207,2.58965488050328,3.55781399431487,5.12682727249757,7.45368848120081,11.0255351429656,1.54082970728997,1.99637832055858,2.48577502010665,3.27504515810481,4.483227912671,6.0533351166243,8.20012431213309
"Hungary",4.62810839801273,5.23249498815192,6.30081738572719,8.36014176975811,11.8625703500725,17.5197154797814,25.4356563853744,4.72539279861774,5.68953059309444,7.21019805606832,10.0316955637887,15.1764859987614,24.3136879365899,37.9479225754921,4.72539279861774,5.67490590676019,7.03882551671786,9.50193689543686,13.6609868589548,20.2511605911483,29.1273040577197
"Iceland",1.40699292262336,1.63088794249933,2.22155362898627,3.28767561841857,4.89189589889031,6.99917026215338,9.54692286616734,1.45641816787004,1.91365536083883,2.98351189339984,4.87068609111286,7.79741725098563,12.2462353683947,18.8434206651238,1.45641816787004,1.90652311054434,2.83702077338698,4.36907415824715,6.50362156458149,9.17271562659729,12.2133457768319
"India",36.4774089478092,48.332881350159,79.2182910558336,118.820185415475,158.043704881465,196.278763847412,233.232361156704,37.4147130399175,54.2016607159823,97.3527180401124,156.629069307579,221.518086148625,289.860105326993,358.293098594077,37.4147130399175,54.0921604467357,94.7790157134878,147.53247415338,201.713597084113,255.294778742013,306.460631028161
"Indonesia",21.7892048304275,28.4977698836944,41.3505372649604,57.8810619984408,76.0993644465455,97.3860597952602,124.813528064956,22.6949915673079,32.4807398701517,49.8415195664272,73.3005134381779,101.92914540651,139.059300049927,190.201167003301,22.6949915673079,32.3551387226087,48.2909061495633,68.7988648735682,92.2043879111643,120.253409839902,157.482766170433
"Iraq",28.7154755682342,39.2959900390047,60.7746161049027,86.1896819868772,111.343451727572,135.917173201733,160.638161268536,29.4451705402068,43.5948060567367,72.3252144660081,108.531980440304,148.510966983812,192.713161605202,242.229622639092,29.4451705402068,43.4619768686963,70.160522937817,101.725100117456,133.52160039514,165.202191337094,197.383700158581
"Ireland",3.15087791983514,3.51464309092803,4.27004171411297,5.75269747571342,7.99067359001899,10.6840115306288,13.7387717499688,3.21448288486533,3.83241052055006,4.95491961746206,6.96868119231555,10.2275350172217,14.9775150971792,21.986166624486,3.21448288486533,3.82296090717552,4.82122502877018,6.59007144788906,9.2661383875353,12.5556749390451,16.2990650460803
"Islamic Republic of Iran",14.5283894938405,17.3891101549818,23.3796070614269,32.8691491827183,47.3821235957031,69.0909017662399,103.724582339815,14.8688654584071,18.9436726777037,26.7359418990802,39.3026781624872,60.1676022729605,95.4452810379398,156.641046296166,14.8688654584071,18.9009632704911,26.1885232661126,37.4796235420592,55.0742677250489,82.1321811782307,126.447745954022
"Israel",3.11505601943837,3.7706238668534,5.40650084677542,8.23233705049472,12.124886072999,16.7484273474635,22.4584357720353,3.17864952499636,4.16146633033845,6.44671457937157,10.4490028399442,16.4383921184026,24.5132909139768,35.7060512012441,3.17864952499636,4.15534970901441,6.28452889038765,9.82317301533135,14.6932889976231,20.4261336313908,27.2619972964372
"Italy",2.84033410500691,3.08429171035398,3.61164946021101,4.55529448923015,5.94919735503058,7.80459677001141,10.4619590291815,2.8956815452104,3.34733761239899,4.12383568888914,5.42969488653238,7.46744921574523,10.6183123247741,15.8623839672743,2.8956815452104,3.34095660054075,4.03084673972806,5.16935413568198,6.83115307318371,9.04458152034789,12.1518381369905
"Jamaica",14.1694746413153,18.1741695418152,25.0816392862615,33.2045326674702,42.0431136450836,51.9528402209361,62.4854153480962,14.6280166425737,20.2454716418396,29.6482516264716,41.4810259270865,56.0755992879449,74.7557818915953,97.4229271206301,14.6280166425737,20.1542813842587,28.5247111178188,38.2532306843981,48.7665699042725,60.6374327785937,73.5691121621333
"Japan",1.96004856073687,2.1668399968792,2.60114227578139,3.40004653015268,4.46213703694643,5.62558585323441,7.04632400559215,2.04153956851942,2.57510182239677,3.37349383152408,4.73731932384083,6.71560655642977,9.43344317665224,13.7309618395194,2.04153956851942,2.56780025950595,3.25793180665889,4.4069247238119,5.91283132173729,7.58385134707043,9.61940821036053
"Jordan",15.8709269985842,19.5136326874561,29.1514403296838,45.4126512452853,65.2149635287505,85.2604568291147,106.328615752861,16.1791931987349,21.1062412417676,33.261102941968,54.0593156791847,81.1085880241426,111.572065883922,147.381536566014,16.1791931987349,21.0667290817546,32.5123614172024,51.4184224416524,74.5246664061699,98.066640714828,122.846262634915
"Kazakhstan",10.4807196983728,15.5511041866369,27.8725011762361,45.4046986344156,67.1779308450468,92.0381468644999,114.11020853625,10.8156385072238,17.4054501326317,32.690455370733,54.6397706415973,84.6300044189832,123.011715871266,163.511008637573,10.8156385072238,17.3691743636083,31.9205069098689,51.9652918036579,78.1069956684573,108.755426359731,135.516079840839
"Kenya",42.4844120070687,63.4790855648731,103.830472194285,154.615243615316,201.799162332778,237.470205931591,260.023460901911,42.4844120070687,76.1740358550697,138.520046485917,223.179363176762,309.244370508444,380.262701461869,433.515925300708,42.4844120070687,75.8140468865123,133.056331553649,206.100757825743,274.2301547007,323.309775291661,351.836728966904
"Kiribati",47.2208424510794,55.94229865224,80.4169197526674,121.740160516976,167.74075883253,201.572456470837,225.096630094908,48.7406615404383,63.6760867074133,98.3122822833832,156.045247546911,224.144324294893,282.578248807353,331.158102102998,48.7406615404383,63.5254977440992,95.8513410778672,148.302211835956,206.757185380024,250.9624473875,282.256974724883
"Kuwait",7.6767878489499,8.88828066306747,12.3516706616361,17.7256341209623,23.8187157075128,30.0481447391707,36.4824574770692,7.79032216117254,9.54867040749365,14.0865343964681,21.4107079919268,30.9734677872984,42.4618787046666,56.3380963593703,7.79032216117254,9.53641944785495,13.7522959760857,20.0959889076405,27.278910705138,34.5608463951949,42.0134224734061
"Kyrgyzstan",22.0080281302417,33.2072761248536,54.103061259605,82.8521018933635,118.822899816287,159.653085445254,200.46964402097,22.0080281302417,35.6080391025626,60.7833847956039,97.1585638431289,145.995205441612,203.622469135754,262.675768166428,22.0080281302417,35.5691258076871,59.9130593421,93.6898887036201,137.25434937355,186.403116848891,233.422769497863
"Lao People's Democratic Republic",46.1535987047371,61.5726951999838,93.6552330123294,135.256205902827,183.344927773931,239.429157018633,297.622711675626,47.8733755087105,70.7754576984863,117.521202625258,180.983187330255,258.27663233636,350.052824905532,444.133382573648,47.8733755087105,70.528992727217,113.954756219019,170.27821222497,235.851686446878,311.205024386634,387.084454014156
"Latvia",4.09461665122199,5.17186679333702,7.45522694489833,10.9674654874702,16.4520450194775,24.0569046183888,29.9697608830631,4.37603382986551,6.31937133099332,9.5709678477001,14.5483186971846,22.8466314704792,36.4322595267797,53.0094049267045,4.37603382986551,6.28934220686758,9.19457725116822,13.4412309181104,19.9571116913378,29.1078300687556,36.7109055480717
"Lebanon",9.7325783946148,10.8284680585891,13.8046265554036,19.3464331932372,28.1683041964564,41.6482277116908,60.0319973173868,9.91602573678176,11.6818172837893,15.5917261836093,22.778139787609,34.6914830748972,53.9236631998271,81.8220013297808,9.91602573678176,11.6619100902803,15.2942843417586,21.7940994412707,32.068781431605,47.847827865637,69.7394320725194
"Lesotho",68.3700380805255,93.4438109793607,129.061766516911,155.966798501706,164.079869867875,157.271888305046,155.061227527502,68.3700380805255,119.173591638684,186.681789252433,243.453271482596,269.776664467567,273.953572621585,291.277727198032,68.3700380805255,118.465704824621,178.16550761584,222.231360902484,234.949913670046,224.147266075155,218.570587938146
"Liberia",65.1303630377718,101.951837101218,166.562825524589,255.051642388657,349.631635803668,422.69291964663,464.559486149793,65.1303630377718,128.351811712516,230.536895206053,364.778133038881,501.854395647103,605.191698301584,661.347143892033,65.1303630377718,127.506320678814,220.328549778051,340.958651835043,465.798777863632,560.154384827854,609.210920124486
"Libya",11.5717516825576,13.0897739957361,16.8686897613807,23.9396873953737,35.7006854039026,53.9574129860661,81.7474133914844,11.7894410274107,14.257240309118,19.4579856558877,29.0334647608595,45.7796222503291,73.8752688416368,119.492739186665,11.7894410274107,14.2338149108494,19.0146229878842,27.6017709345583,41.6920225476005,63.359153067585,96.1280498626908
"Lithuania",4.18856982217007,4.70193577337281,6.29460427730285,9.15305521014412,13.6289300768142,20.7248911826636,27.2330746113365,4.29551077074683,5.22408720451614,7.52559580905431,11.8809812264839,19.6368702738263,33.1724474730912,49.9879303539071,4.29551077074683,5.20550434107209,7.20549576146747,10.8035642446543,16.4767255157197,25.0178895095421,32.8655330139462
"Luxembourg",3.36777384797527,3.52848058707128,3.74981983982211,4.95452952901912,6.86333786897545,9.24223405603976,12.0746700640248,3.43229909029969,3.81139930884839,4.35128440333658,6.14750942517842,9.21831574312195,13.7593502039286,20.0631096574803,3.43229909029969,3.80505026067568,4.26617829573069,5.8534792457415,8.33178786888534,11.4183868658867,14.8757465772515
"Macau",2.81037030532092,3.08412048236496,3.70978031022934,4.68092667361938,5.99401070881359,8.00074129695979,11.4976221077455,2.88879528229667,3.55958455613146,4.65428674806965,6.24694697010957,8.50089727930144,12.1573412399737,18.8294730865982,2.88879528229667,3.55502544494108,4.55991825229838,5.97478477221524,7.84257436720146,10.6099424245214,15.277076843082
"Macedonia",10.0616674761148,10.5490090356481,13.2919968867787,18.3173048511439,26.4548236938572,38.8838830511922,58.8267148292504,10.1980849524315,11.1604604683702,14.6702049113183,20.9193083801159,30.89384636563,46.5240604170065,72.5223573366189,10.1980849524315,11.1417965344231,14.3952096084628,19.9881186424734,28.6002472472783,41.8512910801089,63.5141725809739
"Madagascar",37.0917703628391,54.5489944351669,90.6213178313617,139.655327379138,196.92985883018,256.743200017006,308.542410648363,39.6969528251207,69.6159523624209,129.878443063356,213.336999961865,311.147298160525,410.673964322326,497.272620051,39.6969528251207,69.0838488333125,122.157993917104,191.274557728849,269.188501862623,347.834207952938,416.107575370493
"Malawi",51.5474349573548,86.6227612485782,146.347127959027,217.841229092768,285.700499263792,334.393879092694,361.603489666793,51.5474349573548,106.225960486368,200.045828029502,317.787473782075,428.058826574199,501.296225889781,537.458344156245,51.5474349573548,105.638519680647,191.835219142666,295.099500393212,388.947983479777,450.66510194341,481.127869872186
"Malaysia",6.27644628071866,6.88856894517439,8.57872514056665,11.8829959238999,16.8513114439454,23.7064904953773,32.3265735882229,6.42071377512815,7.58929224828326,10.0745780054183,15.0686496867731,23.7357679882483,37.6481564819582,57.0158299091411,6.42071377512815,7.56991488885839,9.78593822688449,14.0413530563465,20.4583592211578,29.025728201206,39.2924342903054
"Maldives",7.31718448853478,8.97921009047352,14.1074721352073,24.9594001273646,47.8002675617333,94.9113725442523,169.897353610617,7.40941807753551,9.60850281786789,16.0889522086649,29.9573255408092,60.3074988378546,126.870557293878,236.844639872163,7.40941807753551,9.59556695380626,15.6478105642492,28.1045921258504,55.2722912770882,114.966254348065,213.643548108396
"Mali",88.6993740260927,145.218645335896,232.882142694191,328.399068909042,405.327779820299,458.58870160621,487.837276196337,88.6993740260927,199.373838302251,356.243730732444,515.781682016385,631.47377631785,695.390569812158,717.390290058999,88.6993740260927,197.786325808282,340.102115418365,484.419757571275,589.809061345129,649.735499167538,672.543726905946
"Malta",5.36496572705914,5.81092649677389,6.77424252486076,8.5234973024567,10.9215516979701,13.3349206060712,16.2463531508223,5.44579947054092,6.21301018759599,7.59583321822188,10.038769020098,13.6874590755948,18.1430119480097,24.2246362569057,5.44579947054092,6.19635479008068,7.39467160220445,9.48438367881455,12.374200004057,15.3353233269959,18.7505826503511
"Martinique",6.03721048196564,6.84403317391266,8.82746677357501,12.2440111857625,16.8216613113754,21.8158678821782,27.1692897605286,6.14915261388005,7.40122408545618,10.0480450238186,14.6896540891045,21.665815183954,30.9770286507503,43.2171460785152,6.14915261388005,7.38155529921133,9.77167896984921,13.8005429998178,19.2342448961596,25.2827388424176,31.9030953583217
"Mauritania",61.3514290755578,80.2866429506343,119.961162026836,172.149976809268,226.171416909438,269.470013748786,297.442503106767,66.3664475031859,105.81161419119,176.210216254837,264.947891232675,356.994166742062,433.557053681303,488.280999246424,66.3664475031859,105.220474659278,170.074707070634,250.355601186084,331.36080438353,394.815948164786,435.040895171006
"Mauritius",11.9425153936042,13.619483972769,17.4106799166506,22.5261203748148,29.7368404985064,37.2072542288439,44.0967075725374,12.2787505573156,15.1364862170721,20.3232627987449,27.5214860299862,38.1277374386188,50.9676930965681,66.149453827518,12.2787505573156,15.094249158147,19.845221809131,26.0811255115342,34.4197154375573,42.6328567406626,50.2917053459421
"Mayotte",4.41337626134688,5.77293878855394,9.53741514539628,15.7705352601819,24.9142264855565,37.7836319729794,57.2087335711504,4.49386084267031,6.21700239666501,10.892118394846,18.9954279275955,32.0598080422872,53.0037531149051,87.7982251776375,4.49386084267031,6.20035485574434,10.5774593554182,17.795323831149,28.5001856007515,43.8103828367307,67.3071414513523
"Mexico",15.3086375251715,19.284651014369,26.9164839621355,36.90177455346,48.831074779149,64.5515926092772,85.2824398529865,15.6481487389382,21.0331358688228,31.0074448856515,44.6297207714733,62.4302395759642,88.5761200999345,126.963783684885,15.6481487389382,20.9696237918234,30.1287117213532,41.7977215669486,55.4953228270935,74.0780445513137,99.8058216039529
"Micronesia, Federated States of",27.3979637075528,33.4114828994375,48.9123118956619,77.5592687803238,114.607140837576,145.396018502595,164.838163304773,28.3641289422114,37.8292824644502,58.7414378166529,97.743790377125,151.957955087979,204.71818684777,247.936684360477,28.3641289422114,37.7308309247607,57.2134949756714,92.6142560302564,139.025357194994,178.80933779599,204.696300554467
"Moldova, Republic of",13.7625627032523,15.9464955649308,20.1797281671387,25.9600519910621,34.9977557063024,47.2610066402372,59.9800646270916,14.0513546006716,17.308715797573,23.4824957216063,32.3382613163342,46.7148011647537,67.1862911952587,90.4852809852822,14.0513546006716,17.2696762349761,22.9221037672054,30.5458031094875,42.1123379484458,57.2684941809038,72.1260210731139
"Mongolia",20.9564043627139,26.981039270558,40.9610967145269,60.9449559020106,87.0044373609892,120.546195686418,166.594899812271,21.5362774928163,29.9542068361588,48.5149931333477,74.8480055392205,110.602670668417,161.18746283806,235.599101680672,21.5362774928163,29.9072270037488,47.5760119674374,71.7321237199462,103.766574742561,147.790926096557,211.317600573841
"Montenegro",2.95608829845829,4.23060187082161,8.14306988802189,13.9269774823377,20.356097539745,27.0618549897479,35.5366453843459,3.0256503386408,4.66608012961195,9.16536357604689,15.9091437030526,24.1366398257074,34.1126072363595,48.6615698636977,3.0256503386408,4.65604396205345,8.98544443154642,15.2616323058318,22.2491716093277,29.5750591292634,39.1716587934713
"Morocco",23.2584510528033,27.9145922613843,37.0370012702397,51.7799745349095,71.4569702633298,96.5210217238318,130.136881682878,23.7988551932302,30.5457970923818,43.1373441102717,63.2933101333917,91.0859628780163,128.355142949255,180.82902728706,23.7988551932302,30.4738307050506,42.1616104534471,60.4287508382866,84.8896773965554,116.461460784142,159.656788071262
"Mozambique",74.815973059809,126.087091767493,202.773167006174,282.94204408519,347.206761273744,387.15413082511,411.086846872514,74.815973059809,160.989964080439,283.312188633488,407.971558724863,505.496689723284,564.781987711332,598.387135244532,74.815973059809,159.925220319196,271.344439590543,382.422149669412,468.431708302469,518.960255449809,545.785884702564
"Myanmar",42.5508211573433,50.4669515232265,67.8429169546014,91.4001900782213,118.093899242454,144.963755398327,171.692785410133,44.0626648706981,57.8756344627415,85.056221366024,122.539036620586,168.045393377335,218.912934286653,275.308107733503,44.0626648706981,57.682634336892,82.2115400929277,114.026679177797,150.094361254025,186.880376392465,223.894283809312
"Namibia",40.547667146588,55.8014726766203,80.407041313168,105.058557259419,123.173361078608,135.970197759573,151.736538526863,40.547667146588,66.3483444333634,105.877464860902,150.682246055342,190.631487458162,226.526466413887,273.306145754623,40.547667146588,66.0473170315552,102.140933071358,139.502065691273,166.9842113549,185.184394302216,206.195862624497
"Nepal",33.2716492346891,45.229605561118,70.362161203466,103.748978592494,147.553819546174,200.927936265208,257.532952754571,34.2933490683162,50.8698262693537,85.7786727915311,135.316224103104,204.287483171553,290.751908555053,381.872522372815,34.2933490683162,50.6961482725342,83.1156694211138,126.814479637114,185.556915675844,257.620928283794,333.33705760836
"Netherlands",2.95509611464445,3.36062629733897,4.15392173149856,5.75505277380941,7.91098780955143,9.83339004901415,11.6048908721229,3.01000131820048,3.65713447087639,4.73434580115815,6.86871602100378,9.97538125015736,13.4570494976934,17.7126866002268,3.01000131820048,3.65226383263845,4.65152998535905,6.60010028036942,9.2496587903568,11.7098156841937,13.9912196627505
"New Caledonia",12.491543268693,14.6501730328132,19.8735513566326,27.7222903617656,38.2583808599822,50.8015213051395,65.3410948138661,12.7165138652646,15.7933632627956,22.6666215575377,33.0712182215587,47.8040553384176,67.1967153395255,92.1012972973958,12.7165138652646,15.7676098818557,22.1795810954905,31.4546452855572,43.8801525394595,58.813889483163,76.3289093576201
"New Zealand",4.1644886021708,4.81494173758419,6.2145359532834,8.18852654925336,10.7229467303198,13.4696311433682,16.6452993626916,4.27845304666357,5.35344037472081,7.38407714154774,10.28730760017,14.6693613696709,20.9580577107044,29.8721844417498,4.27845304666357,5.33870483587468,7.19839883750874,9.69679899266092,12.9120686067453,16.4599815233693,20.4272847691768
"Nicaragua",18.7962824863193,24.4313784493264,36.2066900475722,50.6196911147314,69.6022189261927,100.073201367899,145.201362385012,19.3727140881134,27.5280824011887,43.7905952568455,64.9823957297526,96.6564615304662,149.27012597918,227.699056914216,19.3727140881134,27.3955377576231,41.9896793766941,59.5479855950426,83.7294902197163,122.460126268912,181.058143825507
"Niger",64.5209535571803,118.302447596746,204.959369396873,300.102212992443,393.167339062174,465.544490974461,501.134754115079,64.5209535571803,189.843308385335,371.312601768569,549.024710052164,680.919225763472,751.857850325859,768.642166959624,64.5209535571803,188.060909214284,353.831925688797,516.251580744105,642.26164866924,715.410434055143,736.580716406918
"Nigeria",80.1520957634612,122.18723306993,189.735064389741,268.633393872753,341.628615179408,394.28509328548,420.655097532466,80.1520957634612,161.438345467482,280.722971410558,415.376740443262,532.287384743431,608.476754231147,642.841802818264,80.1520957634612,160.036578363279,263.150235585578,376.179159124159,474.403735565789,538.919781593318,566.952767342004
"Norway",2.24851095476993,2.51503249773759,3.24302462695412,4.56911762378625,6.34580096160543,8.34247685068245,10.9197880229698,2.29087397440966,2.74857426970871,3.77128258987254,5.66482879164352,8.63795611704513,13.0289658002533,19.8514579465165,2.29087397440966,2.74382350277377,3.67522680485521,5.33024088158077,7.61443779670224,10.2644419206126,13.5555905482246
"Oman",8.72843566585544,10.5355641479461,14.2639310552649,21.5302644631546,36.6507663778105,64.2209652831019,107.626046292014,8.85267400707233,11.2661384504639,16.2815144135351,26.3138839139212,48.3517322489155,91.946682626952,164.854166380128,8.85267400707233,11.2511998591991,15.8873789189083,24.6255532136452,42.8157436329148,76.7580284668584,131.961493210514
"Pakistan",69.0131167319569,84.2787080973738,127.745386158502,186.1981560163,246.897712591842,301.667227792812,350.662543368634,72.6586313342047,93.7515026839907,151.401199556896,229.599427677101,313.815407348663,393.449738630949,465.625415462621,72.6586313342047,93.5644388644194,148.368786540688,220.525072085952,295.511607210674,363.289016720754,422.809290378625
"Palestinian Territory",19.771027977,26.6851295380467,42.7865083910121,64.866132995434,92.3773141852811,122.539759981944,153.471616209049,20.2059712494312,29.0898841036184,49.5826877140049,78.8597587101898,117.717517979258,164.202843517298,215.785502795252,20.2059712494312,29.0237281410477,48.3461351574536,74.5208349259391,107.161906430135,143.261053208215,180.883598064785
"Panama",16.5147656033669,21.4649563430764,30.1361001380265,40.4429404222806,51.2915156277356,61.8925299634986,72.9618355490669,17.2974823334291,25.3242858077972,38.4815632746693,54.743235661238,74.3895776776606,98.0224019054117,127.190045517206,17.2974823334291,25.1986755330414,37.0609268534964,50.7006457478866,65.0454390535271,78.74024483337,92.4033914764036
"Papua New Guinea",48.3745411857362,63.3424533817223,95.3255973672146,134.063487489198,172.52521547461,203.73049707251,224.945717711798,50.1226728640873,72.4769330671329,118.759132473765,176.986382468463,238.795440746453,295.854061345414,344.418140116861,50.1226728640873,72.2382785446833,114.956638212712,165.398169125162,214.962618047806,255.060972959841,282.604449263785
"Paraguay",21.4014283597444,26.888452823686,37.7731363339198,52.0154548179202,68.7282155659832,88.1636242484103,109.784936628351,21.816746500801,29.4120022497743,44.3842686463362,65.1426873947089,92.4663692445105,128.50146286227,174.589637058611,21.816746500801,29.3036132719458,42.7074365449303,60.104238078288,80.7050953374859,104.313553963839,131.005930688254
"Peru",15.2053059967576,21.3566279818963,32.0680422628793,49.3947483479717,75.9238435477154,113.774295038575,160.751052922902,15.2053059967576,24.8371021908565,40.6479973992203,66.1652756202856,106.87299897938,168.020594885093,246.939589096951,15.2053059967576,24.6939971033113,38.7070548012666,60.7431076867794,95.1660619719216,145.81214317794,210.195263977639
"Philippines",22.2620259742527,28.7190027080702,40.9427247551754,56.9817418334357,76.3139035545626,96.1571163668442,116.530612137159,23.5124238734346,34.2568986989867,52.6684743956359,77.4710050683652,109.777399833481,147.923800228919,192.534891333471,23.5124238734346,34.0887857045012,50.6231272714066,71.5360954400769,96.8854167085469,123.539205395391,152.114412993138
"Poland",3.82422371336063,4.51730833327311,5.91468093551553,8.17470125662412,11.79566593262,19.14550444097,30.3967964714733,3.90204415902838,4.89248646691371,6.74297392832467,9.80309134720043,15.1812011616401,26.6916335008454,45.3427616218428,3.90204415902838,4.88148257614528,6.58145430594434,9.25433896296541,13.4520253518488,21.6946492103923,34.1223259915652
"Portugal",3.03360576289162,3.18046326117319,3.7507786930057,4.94506295134473,6.88014606946746,9.86729914004193,14.9637537494128,3.10060095045739,3.5219816669177,4.4877529188967,6.33237621627202,9.5695230930857,15.2590408355532,25.6521227046474,3.10060095045739,3.51044824747633,4.32624754937858,5.86257005885512,8.37136937015719,12.2753437433533,18.7547845731898
"Puerto Rico",6.15471619103609,7.51515197755939,9.89038534468276,12.9188725994705,17.2125854248246,21.4185829898721,25.9657508680476,6.22062384835736,7.86928057662065,10.9234342603336,15.4278616564618,22.7361805782299,32.7122162978723,46.6874767071413,6.22062384835736,7.85571815733243,10.7102436915241,14.5766491096777,19.9383596202898,25.1567372851879,30.6014962918383
"Qatar",6.892275296429,8.09659420389271,10.733099604058,14.7310863658876,22.0605506334019,34.3357182738578,50.9823383810761,7.00826181218891,8.74530810647043,12.4008374623585,18.065693770042,28.9982776003198,48.76316256473,77.0327530095935,7.00826181218891,8.73234404174975,12.0706178707374,16.8080954508131,25.3181827281936,39.4799843211864,58.6939009399311
"Republic of Korea",2.51653171105016,2.80416985354429,3.20130188274841,4.28058385877636,6.5956665543559,10.4493125464433,17.0353016067821,2.57274471840263,3.11914573252394,3.75660431485361,5.34556405617482,8.95917475348487,15.8280697599726,28.4830795746589,2.57274471840263,3.11434055417373,3.68037245974678,5.09713441464799,8.10285071857579,13.1537170942571,21.6541165218833
"Reunion",3.49050840058619,4.7320892940261,7.03618665277404,10.4358555749933,15.4505335797464,22.4478303730864,31.0019594520542,3.54726402794804,5.07237474987889,7.96151053684341,12.3979724551807,19.6631145437933,31.3570908024256,47.6294789258979,3.54726402794804,5.06017712166933,7.75792917470102,11.7176934084612,17.6416012026128,26.0559129733766,36.5444968246848
"Romania",7.65110981427972,9.42687370713632,13.3403756294451,19.1573985128233,26.8876674133831,35.2442651357585,44.2584191345855,7.84798343660219,10.3919797926471,15.5025416452354,23.254467776641,34.5471812283651,49.6009705669649,70.3177235022914,7.84798343660219,10.3586219985393,15.0822629200754,21.9609360285674,31.2244552010824,41.7130684284741,54.1384756856069
"Russian Federation",7.18582867204249,9.03661395051317,12.6775494155714,18.3521405204113,25.9429587462441,33.7855871546743,40.4234297347168,7.38527201839376,10.072908482584,15.2269720268646,23.3682534714198,35.366100919918,51.653508702321,73.741109203603,7.38527201839376,10.041749434429,14.713848226328,21.660004555045,30.819932524572,40.2460332775803,48.1349590010819
"Rwanda",35.4560245373736,51.9660351151069,92.9895288309013,164.956394206124,252.739828050726,340.193274955371,401.297584032006,35.4560245373736,60.5508848555581,117.518119034939,225.442677664675,356.429601179299,502.268540854184,613.910678887731,35.4560245373736,60.3738041700749,114.41230220137,214.820651341656,332.780076726736,473.752735014506,574.965918603337
"Saint Lucia",15.0087679049634,18.1037956149578,22.0514652075321,26.1932874310955,31.5226638549515,39.5725229916333,50.1746163104152,15.4844033634344,19.89506848048,25.3498183040658,31.8521624856072,41.7755554107807,58.9723591315583,84.7540358704297,15.4844033634344,19.8082452892227,24.4640281296447,29.4255205984577,35.8095768306901,45.4804843122974,58.4277573288299
"Saint Vincent and the Grenadines",16.9102940154886,21.0127264288065,28.3474432620165,36.4530097251131,43.3366096478064,48.8517679615091,55.4995616353323,17.0697474579223,22.0329929114261,31.3748479483446,42.9827022802139,56.0623026759977,72.138136964373,94.6226058454479,17.0697474579223,21.9728022298104,30.3548219906408,39.7374720827654,48.0754665802176,55.2245614954273,63.9873782069558
"Samoa",14.8027350936135,18.5085756785895,28.7010056486491,44.8559116645514,63.2220850075226,78.404917822064,89.6228207849765,15.1556048481384,20.3765653968242,33.6096548347847,55.2638137618181,82.2550362571839,108.520104817604,134.329448714173,15.1556048481384,20.3383721250683,32.8499724531655,52.4087414358232,74.638045111626,93.0464754073061,106.83150426083
"Sao Tome and Principe",32.2633295062505,47.2594654432879,80.89496532474,128.688241247631,186.883732592719,246.259029789075,292.586461262643,33.3175014300045,53.3317197295123,97.930431931321,163.522303989831,247.514073992474,339.492183763195,420.025047232614,33.3175014300045,53.1512078375786,95.1234048638386,154.657076633957,228.231891161533,304.806805821532,365.768478854772
"Saudi Arabia",7.36095202985971,8.83052568581287,12.8494475814205,22.0392913209823,37.5792232306539,62.423374437694,100.578070376581,7.42335043033405,9.36135342557359,14.6362343135962,27.2940244753616,51.2500183886615,91.9967348206155,154.612754203697,7.42335043033405,9.33402610946682,13.9770073439106,24.5188259150178,42.4919382430374,71.5909801438521,117.694671127548
"Senegal",37.6302368697512,51.2691766952555,82.7022397119696,129.257790800276,182.288532436898,233.484690189316,276.794180445996,39.6193347659712,62.4212008875297,113.807685112899,196.736822637756,304.864535974653,417.38098452404,511.022176027033,39.6193347659712,62.0923121103806,109.049524183808,182.600128040593,275.967393843937,369.866491634064,444.871229670958
"Serbia",5.56998472670782,6.4914358984199,8.47579294123568,12.1610840006405,18.9529278011367,27.6146501071411,37.5388862979621,5.66962497498903,6.98740488317579,9.62562165784647,14.4949605892243,23.7211195836001,36.9937994646226,54.3129540081306,5.66962497498903,6.97234027591007,9.39220800083224,13.6826377225238,21.4999161647167,31.7428856530297,43.4741418937422
"Seychelles",12.5423473107002,15.4670615186014,20.1990227597944,25.1445749725974,28.8856874559863,31.8891022796059,35.1556508001829,12.9436967197069,17.1945485348802,23.7345246625467,31.3437838637898,39.3865463606764,49.8444161964997,64.6270547151829,12.9436967197069,17.1211759068354,22.856123425954,28.7950843069289,33.3023855017625,36.8509169337169,40.6212191343434
"Sierra Leone",104.109116535135,162.279891050605,247.03210122762,326.94311840349,382.091872622135,416.972475455145,436.891404479517,104.109116535135,200.997495278904,333.994796833635,455.7582527337,535.375403461571,578.717831185529,595.818095086306,104.109116535135,199.792631011817,320.378795085928,426.973551058145,494.383727653221,530.093155108089,544.675996216017
"Singapore",1.85565076333434,2.02424804290089,2.30580552965,2.9253027169979,3.8918653307433,5.25080736467932,7.24688233470086,1.90644294438775,2.26718892313182,2.73161603445741,3.73063858224062,5.47911309824009,8.42180707271817,13.2616735126327,1.90644294438775,2.26139635968801,2.65780706811361,3.48211004413814,4.76293294731009,6.57704189211446,9.16556284926406
"Slovakia",5.2261545665782,5.86962326621497,7.16516035216421,9.3366147404168,12.7087791311881,17.884064429121,24.4783003212071,5.37190600826039,6.53561142714985,8.47349081363019,11.7084678716851,17.2829623203904,26.9279534173599,40.5788587110936,5.37190600826039,6.51396142123731,8.22336464422869,10.9544745638395,15.1398544084982,21.3086335152757,28.8284615642322
"Slovenia",1.99920209737589,2.24175579874045,2.89782523685036,4.1425320319591,6.03906460294119,8.83692198216627,13.2226689293338,2.03517868997992,2.47031966016126,3.40597984600134,5.17889853883277,8.20007624637931,13.5406099123514,23.175809365335,2.03517868997992,2.46675372534725,3.32886381825819,4.89180793754797,7.23904932999263,10.6192471638887,15.7430562348064
"Somalia",83.4039331022922,121.292307931774,203.316013348574,291.306798266446,353.135831742083,394.871072235652,421.478393757646,91.441176465918,164.142437193974,303.842388567776,448.311888985113,547.406342680351,605.752523409379,638.756046711388,91.441176465918,162.969836684805,289.172286874966,414.510874324183,496.271476222487,544.603449234292,572.332675590953
"South Africa",31.5337532787157,41.8885070188464,63.1849372592476,86.6885760235366,102.290876375192,107.860683642668,112.388285268393,32.9265242197192,49.1250082301199,81.2337654477897,121.114865694137,156.079232433725,181.642684137303,212.933130285931,32.9265242197192,48.8942375195974,78.4440943972514,112.873829827902,137.866840508788,147.903143180678,154.617197115009
"South Sudan",70.8440132433765,94.2563074664494,154.815660986738,236.417598199136,303.824280603804,353.34126316072,395.951136605453,75.9392682573891,120.545523760192,221.853259026396,357.792717607792,471.783966356436,549.334826087084,600.649690356503,75.9392682573891,119.725012857066,210.197636006692,327.592592417421,422.769603353775,487.242116097969,533.642095384522
"Spain",2.62624721851785,2.91894863510158,3.45804181849144,4.26164767890395,5.44418392487559,7.10968290587317,9.59235845196566,2.69634582423247,3.24673519791048,4.10070931031901,5.2690943530865,7.05280042136451,9.99497158723609,15.1914481462477,2.69634582423247,3.23582937425003,3.9708029115112,4.96638115160427,6.43238769968662,8.53562161235292,11.6368919925167
"Sri Lanka",8.36819436713985,9.83541083492721,13.316746288112,18.9851938501128,25.7805247443105,32.6103184097858,41.9032534539988,8.47232767213907,10.4391048548188,15.0105211331997,22.8942427354797,33.9399768916717,47.99790232417,69.5222353652625,8.47232767213907,10.4143731812364,14.5280119234227,21.1196309492326,29.3497627912535,38.353672005828,51.0361076439894
"Sudan",49.521553081853,66.1281088544515,105.137433605184,158.031209129995,208.562904119821,250.342910806618,281.550620324249,53.0382190374039,84.8323407195012,152.014500974152,243.687876946119,335.664491591619,416.50908764522,483.067308423277,53.0382190374039,84.2219378832394,143.773779967715,221.381071066461,295.137809363352,355.966650085811,401.771590896184
"Suriname",20.2150276242067,25.8439313759211,37.3298933370719,53.2720057625538,71.7688075431265,90.0935335680343,106.945515356762,20.4796841964466,27.4284908997762,41.9283258637054,63.0691167466019,89.5242142370783,119.64445651082,153.729241280392,20.4796841964466,27.3413630232497,40.4292473264741,58.4178890138914,79.4524768780725,100.649226200142,120.616052533671
"Sweden",2.25427133204854,2.47571961508035,3.01345623436902,4.06827852678307,5.49970162387302,7.21511203144096,9.36672621936559,2.29498070267956,2.69644528428616,3.49966059240367,5.02211571615214,7.33282778373134,10.8605012572104,16.4254911145871,2.29498070267956,2.69259050308084,3.42054040599887,4.7548512195875,6.56098145612083,8.68746321716523,11.219167257314
"Switzerland",3.64136299482289,3.92936973338323,4.58863346324774,5.84863357327283,7.58880783577155,9.25068744352442,10.7852921042632,3.68259115648235,4.15566932881628,5.04511852570185,6.71171951914042,9.27645251188398,12.5483874322206,16.9626092728554,3.68259115648235,4.15171822853491,4.96867460056502,6.46381169565686,8.58196081217677,10.7579672763694,12.8962420463402
"Syrian Arab Republic",18.2737374911044,22.1001015806841,29.4982056915422,41.0125766480733,55.7762886576693,72.6393816494149,94.1343111982995,18.6160358280487,23.9216273137843,34.0756110634547,50.3140930109176,75.891444254744,113.095849881644,166.558714853333,18.6160358280487,23.8595849708004,32.9939576699455,46.5656194818011,64.0073792638282,84.1147755805328,110.216200757155
"Taiwan",3.95351225635969,4.25436137317828,5.03261446792945,6.68024991400527,9.23298354274752,11.6891852521402,13.3448721541285,4.06718059781368,4.78960328222569,6.05980625714152,8.63643589362236,13.1026195496175,19.3529925258939,27.7646908731028,4.06718059781368,4.77687941487437,5.87603411938779,8.047050061073,11.4500652351863,15.1404654078117,18.3361671495733
"Tajikistan",33.4010841230794,48.4259454141384,77.695195802552,108.988600091,153.534111526966,211.186980341721,261.710208123138,33.7977566081273,50.6651603513642,85.1608013780171,127.397815878223,192.330628001935,282.081827112843,369.709021695154,33.7977566081273,50.6286168142425,84.4000487256272,124.236379940497,183.228058912598,261.704893970908,331.949153312906
"Tanzania",47.806555079108,74.7922800760593,121.795689307868,180.588539377758,243.73345618436,295.483077830654,327.534846476571,47.806555079108,91.625378435668,165.64819143758,259.606694583,361.569385240583,448.610904709565,505.630591035499,47.806555079108,91.0845767424222,158.064257069132,239.18103988246,325.873125831001,396.903597673818,439.115975016854
"Thailand",9.21357943602396,11.5862775257028,15.645758683629,21.3859027343575,28.8645458187548,38.0391925611971,50.1250619722112,9.39929781308782,12.6017010541486,18.1668028080955,26.8856909147989,40.5912847976317,60.2663916116566,87.648266533407,9.39929781308782,12.5508396680546,17.3758467342546,24.0423242281481,32.7915899190247,43.6973243205219,58.4900984827772
"Timor-Leste",43.3492045239993,56.9190279615419,93.6018979568101,154.05878523393,226.340919027697,301.140874676891,368.787217625084,44.7550146541467,64.4725015040524,113.908304871722,195.394730181832,296.096004256778,403.283302890439,500.613883547909,44.7550146541467,64.3112417517788,111.026836362812,186.273648433656,277.399268266178,373.037531791785,459.93957457169
"Togo",57.749710717415,82.3597425681912,128.626169046826,186.809419466375,238.786958120175,282.161102539552,314.511407725703,57.749710717415,105.549774959685,185.188787119662,288.984285462231,389.325977303321,477.136042261009,546.186053751694,57.749710717415,104.821512443393,175.171901784663,261.894365074894,340.371867106655,405.616828746626,455.018336736141
"Tonga",14.0916195342383,16.7064125719481,23.4605950040304,35.2332429440523,48.9271068287616,60.2556571085356,69.1202052128151,14.3975321300528,18.1999021677346,26.953809600611,42.618508636027,63.2235615956704,85.8338204513921,111.803990554715,14.3975321300528,18.1654452340695,26.2524358705715,40.0236618647984,56.076118364889,69.4837807831933,79.9956344905849
"Trinidad and Tobago",25.031380720409,30.2184148421381,39.5233717547145,49.2070198525931,57.0687234513023,61.2661836189835,66.2579782349882,25.5573807085869,32.5839127748001,44.6967405379909,58.2892009478816,71.6206011099978,83.6476700503962,101.198927459381,25.5573807085869,32.502723015874,43.5943756707531,54.9833533719151,64.2758440660428,69.3525909494941,75.1726509651649
"Tunisia",13.7142453965569,15.3365890733461,19.6561568662711,27.4415508402906,39.0846667183661,56.0480147333648,80.6220983838406,13.7822188014983,15.6926048826733,20.500827058809,29.3977549524664,43.8094601999808,66.7393993626064,101.927259409072,13.7822188014983,15.685539254689,20.3525353291902,28.7914978281825,41.7690259891763,61.2443253666283,89.8519112673244
"Turkey",12.0789472940814,16.4171011863527,26.1952695230308,43.9995475629327,72.061927585798,111.975965986101,163.646211879587,12.0789472940814,20.2299149826869,36.0570781867491,64.6714282642786,109.129259332331,172.229427086306,255.286960921611,12.0789472940814,20.1049157557262,33.9638449155862,57.6763418507781,93.1103108289598,141.072346168677,201.325391868557
"Turkmenistan",47.0189412450761,59.0628348885982,87.9669698641543,124.577881782495,158.233038722565,186.697316534138,215.9905756591,48.0613764512627,64.507588617631,101.315563969155,148.904260689481,196.790409708352,243.461982712363,295.501457873917,48.0613764512627,64.4372394909148,99.9992132030717,144.553645464081,186.425675185563,222.887669196053,260.546030820509
"Uganda",59.8272422139462,92.12699166126,157.822402619027,232.145171465951,298.621382562383,345.754350354375,367.672756261989,63.0961614588237,111.666455906844,210.9244460237,329.174346381457,439.769306635855,519.62451816908,555.712879758372,63.0961614588237,111.111479540466,203.259999533819,307.828516264277,401.299877660553,465.265420351741,490.262914789938
"Ukraine",7.98763941116526,9.84779931326833,14.161370110784,19.4120858294654,24.7205343945949,29.1696072833817,32.9124568880365,8.17730236371672,10.7927948156835,16.5423068465355,24.2018575868856,33.7274054337671,45.4307405632064,61.7923086704526,8.17730236371672,10.7632080473724,16.0668622450023,22.5711215233242,29.4761288630796,35.5267710592966,40.5931356263123
"United Arab Emirates",6.06413006584975,7.0818722978666,9.70164597454662,13.6831184801399,18.5740985436949,24.887238402337,36.3040449648087,6.18265537539286,7.70360254555665,11.2335536401,16.6925008300224,24.6204630421117,37.3225656088634,60.8324197889434,6.18265537539286,7.68351557077192,10.8924489798197,15.5737467629941,21.2835283359346,28.5740154021596,41.6252174052802
"United Kingdom",3.95606323599538,4.4697204374354,5.77871914255004,7.65490342464385,9.83415096893502,11.9099475214665,14.2191719910164,4.03567180374354,4.85509965046549,6.62933219309501,9.18758549700548,12.5260842365937,16.6569089118435,22.5606029915779,4.03567180374354,4.84324809233458,6.46556149802856,8.70113446967638,11.3154811030201,13.8733151767302,16.7016778466931
"United States",6.0099653606231,6.88763184311469,9.11885871764306,12.1130396613855,15.2696960037283,17.9565233986696,19.9458968423116,6.14411226218989,7.53672826612156,10.5982092831502,14.8465035671983,20.3419785207308,27.5144311784798,36.4096022812774,6.14411226218989,7.51480145066236,10.2951349504812,13.8984831319165,17.7334223887729,21.0919145253007,23.6298882361107
"Uruguay",10.046799535123,12.1976342121642,15.9780528200258,21.5661221873104,28.1196514138421,36.1077258067841,44.3295559955848,10.3251957487012,13.5803607988371,18.9232990687447,26.8339739266273,37.2230398216068,51.1779872100502,67.5458178441478,10.3251957487012,13.5268597489775,18.2832454217553,25.0208611155772,32.9521417290254,42.2983542392869,51.6771570522075
"Uzbekistan",24.1666130382888,33.1562909561073,55.7622770293761,85.8338374766755,121.179693842872,157.366668722913,185.295919089157,24.7625473807087,36.6258794120091,65.3176692199009,103.388703496372,151.285585477887,206.573387271229,255.332169169978,24.7625473807087,36.5865003081668,64.2789900260876,99.7138193902146,142.506163892093,188.76748515884,225.473787635747
"Vanuatu",25.2566788692407,33.014004528085,49.6923545578044,68.9099642203016,86.4310017934227,101.136198877702,114.208291226726,25.8917451288205,36.3730142756438,58.5250323470174,85.4370416962069,113.246021312896,142.034719397008,173.095249387804,25.8917451288205,36.2903604437511,57.0427446215169,80.4612812514552,101.856791392922,120.022498959268,135.882786230473
"Venezuela",22.4938245013725,23.2513469549256,28.2619654281664,35.326014859378,43.8736849248637,53.4899215172549,65.1482417770508,23.2421393810994,26.1528602313557,33.4240265788908,43.8956509867796,59.6548356506032,83.2651979341328,117.028561290064,23.2421393810994,26.0370694230442,32.3751495212086,40.7876018587895,50.9488528722408,62.5270930887777,76.7097075934493
"Vietnam",18.1961700381177,21.65281578093,28.8052675524223,38.2418843355661,48.4913616338936,61.6807203554371,78.1366460613673,18.79296558547,24.5124263996815,35.3703818522032,50.197208575068,68.4674686232353,95.0115240370296,131.853271277182,18.79296558547,24.4338275116549,34.1620749150998,46.3759189863386,59.7270232885422,77.3374604079801,100.272492245901
"Virgin Islands, U.S.",8.88514282509098,11.136432309704,16.0826387259692,21.6600542676893,27.3551703503951,32.8629332920575,40.3802575240999,9.07504606224034,12.1066436631013,18.4504134839412,26.0365048750999,34.5502026115289,44.1094076380579,58.0270656802631,9.07504606224034,12.0764213997086,17.9960139329228,24.6160064484513,31.3448224170246,37.8151266736546,46.6069033879676
"Western Sahara",32.2901569305429,38.6305852146129,52.9678037541152,75.4451176320427,106.637391931536,146.254506927294,190.956165219216,33.2131028648445,43.1084534417478,63.2483802891683,95.4039269593241,142.911701650213,207.727046050114,284.916835457926,33.2131028648445,42.9949777689595,61.6949574488521,90.6461316077885,131.74730899456,185.200133872327,246.03300340699
"Yemen ",45.3064680860318,63.338889388407,102.487827134077,165.291477212431,247.67751945512,328.974709569733,396.659054033173,45.3064680860318,73.3512171231989,128.694961272191,219.10775636673,341.118669786368,462.111720508132,558.273489343802,45.3064680860318,73.0741214252859,124.711312870619,206.607328271367,313.843280273408,416.957237989907,498.516128163826
"Zambia",55.8607965503129,89.5986777767665,149.624576887501,224.335661748288,288.53679895863,324.452599927393,331.856748103814,55.8607965503129,109.643346110891,202.711554614909,322.405038204896,427.732082396683,486.260273170453,502.197692701752,55.8607965503129,109.052756597612,194.901830321045,301.489026293912,392.09798570478,438.332788987023,443.798453758817
"Zimbabwe",48.4467954569965,76.8238249800873,116.632337857844,147.803110350804,161.156219694595,155.192994514682,140.704124170278,48.4467954569965,93.0905376911765,159.716023434039,220.899622141758,256.934830840342,263.984032703623,261.629732485127,48.4467954569965,92.6624576704675,153.726798099483,203.658878396168,225.671982116505,218.156453878859,196.942438002511
